Title,Description,"Gift Type (1 = GIFT, 2 = VOUCHER)",Point,Image URL
TMC Hand Trowel with Strong Metal Blade and Wooden Handle | Karni/Kanni | Mason Tools for Plaster - (29x11),TMC Hand Trowel with Strong Metal Blade and Wooden Handle | Karni/Kanni | Mason Tools for Plaster - (29x11),1,710,https://m.media-amazon.com/images/I/51KlR4BqnIL._SY741_.jpg
GJSHOP Enhance Your Workout with Spider Protein Shaker - 2 Storage Compartments - 500ML Sports Bottle (Multicolor),GJSHOP Enhance Your Workout with Spider Protein Shaker - 2 Storage Compartments - 500ML Sports Bottle (Multicolor),1,770,https://m.media-amazon.com/images/I/51vhquCubWL._SX569_.jpg
Panchtatava Gym Bag | Trekking Bag | Travel Bag | Sports Duffel Bag | Duffle Carry Bag-15 L -Black,Panchtatava Gym Bag | Trekking Bag | Travel Bag | Sports Duffel Bag | Duffle Carry Bag-15 L -Black,1,720,https://m.media-amazon.com/images/I/51NeDghNquS._SX569_.jpg
Sumeet Airtight & Leak Proof Steelexo S.S. Container/Lunch Box with Stainless Steel Lid Set of 2Pcs (300Ml Each),Sumeet Airtight & Leak Proof Steelexo S.S. Container/Lunch Box with Stainless Steel Lid Set of 2Pcs (300Ml Each),1,1750,https://m.media-amazon.com/images/I/71jdkF+CzeL._SX569_.jpg
"La Opala Diva, Classique Collection, Opal Glass Quarter Plate Set 6 pcs, Aster Blue, White, Standard","La Opala Diva, Classique Collection, Opal Glass Quarter Plate Set 6 pcs, Aster Blue, White, Standard",1,1400,https://m.media-amazon.com/images/I/71b-FhwPW4L._SX569_.jpg
Cello Puro Steel-X Benz 900 | Leak Proof| Wide Mouth & Easy to Open | Insulated Inner Steel Water Bottle | 730ml | Black,Cello Puro Steel-X Benz 900 | Leak Proof| Wide Mouth & Easy to Open | Insulated Inner Steel Water Bottle | 730ml | Black,1,1120,https://m.media-amazon.com/images/I/31zz15681EL._SY300_SX300_QL70_FMwebp_.jpg
URBAN FOREST Oliver Aniline Blue Leather Wallet for Men,URBAN FOREST Oliver Aniline Blue Leather Wallet for Men,1,1670,https://m.media-amazon.com/images/I/91m9g2qfSeL._SX522_.jpg
Pick Ur Needs Solar Rechargeable Emergency Light 42 SMD Home Emergency Light Lantern Lamp,Pick Ur Needs Solar Rechargeable Emergency Light 42 SMD Home Emergency Light Lantern Lamp,1,1580,https://m.media-amazon.com/images/I/81uC3LKxiLL._SX425_.jpg
"MILTON Shine 1000 Stainless Steel Water Bottle, 900 ml water bottles, Single walled, Leak-Proof, Rust-free Steel Bottle, Easy Grip, Easy to Carry, Travel Bottle, Silver","MILTON Shine 1000 Stainless Steel Water Bottle, 900 ml water bottles, Single walled, Leak-Proof, Rust-free Steel Bottle, Easy Grip, Easy to Carry, Travel Bottle, Silver",1,1090,https://m.media-amazon.com/images/I/51eUYE+WmWL._SX569_.jpg
Pigeon Aluminium Nonstick Duo Pack Flat Tawa 250 and Fry Pan 200 Gift Set (Red),Pigeon Aluminium Nonstick Duo Pack Flat Tawa 250 and Fry Pan 200 Gift Set (Red),1,1650,https://m.media-amazon.com/images/I/510yXR4GoNL._SX569_.jpg
"Colorish Cotton Blend Traditional Mandala Jaipuri Printed Bedsheet for Double Bed King Size with 2 Pillow Covers, Sea Green| H603 | 120 TC","Colorish Cotton Blend Traditional Mandala Jaipuri Printed Bedsheet for Double Bed King Size with 2 Pillow Covers, Sea Green| H603 | 120 TC",1,1390,https://m.media-amazon.com/images/I/91tBcZOZ9HL._SX569_.jpg
Prestige 1.5 litre PKOSS Stainless Steel Electric Kettle | 1350 Watts| Elegant Design | Cool-touch Handle and Lid | Automatic Cut-Off and Single-Touch Lid Locking. | Silver,Prestige 1.5 litre PKOSS Stainless Steel Electric Kettle | 1350 Watts| Elegant Design | Cool-touch Handle and Lid | Automatic Cut-Off and Single-Touch Lid Locking. | Silver,1,1900,https://m.media-amazon.com/images/I/51Q11RNy8dL._SX569_.jpg
"BSB HOMEA¬Æ Mink Blanket for Double Bed 1.9 kg Blanket | Ultrasoft & Lightweight Solid Blanket for Winter & Mild Winter Sofa, Couch - Double, 90x88 inches - 1.9 kg | Grey & Silver","BSB HOMEA¬Æ Mink Blanket for Double Bed 1.9 kg Blanket | Ultrasoft & Lightweight Solid Blanket for Winter & Mild Winter Sofa, Couch - Double, 90x88 inches - 1.9 kg | Grey & Silver",1,1930,https://m.media-amazon.com/images/I/61Lr-D+3cyL._SX569_.jpg
"Robustt Steel Toe Lightweight Gum Boots | Standard Steel Safety Shoes | Anti Slip, Waterpoof | Breathable Printed Leather Shoes | Puncture and Tear Resistant | For Industrial Use (Yellow)","Robustt Steel Toe Lightweight Gum Boots | Standard Steel Safety Shoes | Anti Slip, Waterpoof | Breathable Printed Leather Shoes | Puncture and Tear Resistant | For Industrial Use (Yellow)",1,2100,https://m.media-amazon.com/images/I/71jXHfxx0GL._SY535_.jpg
"Vega Cliff ISI Certified Lightweight Full Face Gloss Finish Helmet for Men and Women with Clear Visor(Black, Size:L)","Vega Cliff ISI Certified Lightweight Full Face Gloss Finish Helmet for Men and Women with Clear Visor(Black, Size:L)",1,2290,https://m.media-amazon.com/images/I/41Kj1j7wTJL._SX300_SY300_QL70_FMwebp_.jpg
"Boat Airdopes Joy, 35Hrs Battery, Fast Charge, IWP Tech, Low Latency, 2Mic ENx, Type-C Port, v5.3 Bluetooth Earbuds, TWS Ear Buds Wireless Earphones with mic(Jet Black)","Boat Airdopes Joy, 35Hrs Battery, Fast Charge, IWP Tech, Low Latency, 2Mic ENx, Type-C Port, v5.3 Bluetooth Earbuds, TWS Ear Buds Wireless Earphones with mic(Jet Black)",1,2800,https://m.media-amazon.com/images/I/31w8ruMm+AL._SY300_SX300_QL70_FMwebp_.jpg
"Sumeet Stainless Steel Cookware Set With Lid, 1.1, 1.6 L, 2 Piece (Steel)","Sumeet Stainless Steel Cookware Set With Lid, 1.1, 1.6 L, 2 Piece (Steel)",1,2340,https://m.media-amazon.com/images/I/41jJVXR8Q0L._SY300_SX300_QL70_FMwebp_.jpg
"MILTON Galaxia 1500 Insulated Stainless Steel Casserole, 2000 ml, Silver","MILTON Galaxia 1500 Insulated Stainless Steel Casserole, 2000 ml, Silver",1,2660,https://m.media-amazon.com/images/I/71gSIkoPYlL._SX569_.jpg
Aristocrat Polyester 52 (E) Teal Blue Travel Duffle,Aristocrat Polyester 52 (E) Teal Blue Travel Duffle,1,2590,https://m.media-amazon.com/images/I/51cKAHaXQ9L._SY879_.jpg
"Fire-Boltt Ninja Call Pro Max 51.05mm (2.01 inch) HD Display Smart Watch, Bluetooth Calling, 120+ Sports Modes, Health Suite, Voice Assistance (Blue)","Fire-Boltt Ninja Call Pro Max 51.05mm (2.01 inch) HD Display Smart Watch, Bluetooth Calling, 120+ Sports Modes, Health Suite, Voice Assistance (Blue)",1,3920,https://m.media-amazon.com/images/I/41Xg4TRK3gL._SY300_SX300_QL70_FMwebp_.jpg
"realme Earbuds T110 with Ai Enc for Calls, Upto 38 Hours of Playback and Fast Charging Bluetooth in Ear Headset (Punk Black, True Wireless)","realme Earbuds T110 with Ai Enc for Calls, Upto 38 Hours of Playback and Fast Charging Bluetooth in Ear Headset (Punk Black, True Wireless)",1,4480,https://m.media-amazon.com/images/I/61LKTD-YnrL._SX569_.jpg
"Milton Stellar 6 Thermosteel Water Jug, 5.7 litres, Steelplain","Milton Stellar 6 Thermosteel Water Jug, 5.7 litres, Steelplain",1,3840,https://m.media-amazon.com/images/I/71eX9inHnGL._SY741_.jpg
"boAt Stone 352 Pro Bluetooth Speaker w/ 14W Signature Sound, Up to 12hrs Playback, RGB LEDs, TWS Feature, Built-in Mic, BTv5.3, AUX Port, IPX5 & Type-C Interface(Vibing Blue)","boAt Stone 352 Pro Bluetooth Speaker w/ 14W Signature Sound, Up to 12hrs Playback, RGB LEDs, TWS Feature, Built-in Mic, BTv5.3, AUX Port, IPX5 & Type-C Interface(Vibing Blue)",1,5040,https://m.media-amazon.com/images/I/81NueYBD9nL._SX425_.jpg
"Orient Electric 1200 mm Pacific Air Deco| Decorative ceiling fan | Powerful airflow| BEE Star Rated | 2-year warranty | White Silver, pack of 1","Orient Electric 1200 mm Pacific Air Deco| Decorative ceiling fan | Powerful airflow| BEE Star Rated | 2-year warranty | White Silver, pack of 1",1,5040,https://m.media-amazon.com/images/I/21BmK201UcL._SY300_SX300_QL70_FMwebp_.jpg
"AYKA Reversible Comforter 220 GSM Microfiber Reversible AC Comforter/Blanket for Winter/Quilt/Duvets for Queen Size Single Bed Comforter (60 * 90, Aqua & Peach)| TC - 220","AYKA Reversible Comforter 220 GSM Microfiber Reversible AC Comforter/Blanket for Winter/Quilt/Duvets for Queen Size Single Bed Comforter (60 * 90, Aqua & Peach)| TC - 220",1,4760,https://m.media-amazon.com/images/I/71hZpkp6jKL._SX569_.jpg
Aristocrat Airpro 66 cms Medium Check-in Polypropylene Hardsided 8 Wheels Luggage/Suitcase/Trolley Bag- Cross Teal Blue,Aristocrat Airpro 66 cms Medium Check-in Polypropylene Hardsided 8 Wheels Luggage/Suitcase/Trolley Bag- Cross Teal Blue,1,5240,https://m.media-amazon.com/images/I/41act45a-2L._SY300_SX300_QL70_FMwebp_.jpg
Bajaj Rex Mixer Grinder 500W | Mixie For Kitchen With Nutri-Pro Features | 3 SS Jars For Heavy Duty Grinding | Adjustable Speed Control | Multifunctional Blade System | 1 Yr Warranty By Bajaj „ÄêWhite„Äë,Bajaj Rex Mixer Grinder 500W | Mixie For Kitchen With Nutri-Pro Features | 3 SS Jars For Heavy Duty Grinding | Adjustable Speed Control | Multifunctional Blade System | 1 Yr Warranty By Bajaj „ÄêWhite„Äë,1,5600,https://m.media-amazon.com/images/I/51Ck4wmBbSL._SX569_.jpg
Crompton HighSpeed Torpedo 400 mm Pedestal Fan (Black),Crompton HighSpeed Torpedo 400 mm Pedestal Fan (Black),1,8120,https://m.media-amazon.com/images/I/31xtOXdSfDL._SY300_SX300_QL70_FMwebp_.jpg
Prestige 1.8 Litres Electric Rice Cooker (PRWO 1.8 Litres)| 2 Aluminium Cooking Pans | Stainless Steel Lid | Grey/White | Cool Touch Handles | Detachable Power Cord | 700- Watt,Prestige 1.8 Litres Electric Rice Cooker (PRWO 1.8 Litres)| 2 Aluminium Cooking Pans | Stainless Steel Lid | Grey/White | Cool Touch Handles | Detachable Power Cord | 700- Watt,1,7170,https://m.media-amazon.com/images/I/619hKaTezrL._SX569_.jpg
"IBELL Marble Cutter Mc25-84, 1300W, Copper Armature, 13000 Rpm, Disc Dia 125Mm, Max Cut Depth: 38Mm, Bevel And Depth Adjustable, Corded-Electric","IBELL Marble Cutter Mc25-84, 1300W, Copper Armature, 13000 Rpm, Disc Dia 125Mm, Max Cut Depth: 38Mm, Bevel And Depth Adjustable, Corded-Electric",1,7020,https://m.media-amazon.com/images/I/41mOrujbbJL._SY300_SX300_QL70_FMwebp_.jpg
"V Guard 3 L Instant Water Geyser(White, Sprinhot?)","V Guard 3 L Instant Water Geyser(White, Sprinhot?)",1,10320,https://m.media-amazon.com/images/I/41gWyTK0HuL.jpg
Glen 3 Burner Toughened Glass Top | LPG Gas Stoves | Fuel Efficient Brass Burners | Black | Manual Ignition | ISI Certified| Stainless Steel Drip Trays | Anti-Skid Feet | Ergonomic Knobs | 2 Year Warranty | 1030 GT BB BL,Glen 3 Burner Toughened Glass Top | LPG Gas Stoves | Fuel Efficient Brass Burners | Black | Manual Ignition | ISI Certified| Stainless Steel Drip Trays | Anti-Skid Feet | Ergonomic Knobs | 2 Year Warranty | 1030 GT BB BL,1,10640,https://m.media-amazon.com/images/I/31lTPvIb6ZL._SX300_SY300_QL70_FMwebp_.jpg
Orient Electric 500W mixer grinder | Kitchen Kraft 500 MGKK50B3 with 3 SS jars | Longer life balanced coil motor | ABS body | Uniform grinding | 5 years motor warranty,Orient Electric 500W mixer grinder | Kitchen Kraft 500 MGKK50B3 with 3 SS jars | Longer life balanced coil motor | ABS body | Uniform grinding | 5 years motor warranty,1,5320,https://m.media-amazon.com/images/I/512UlYPZZXL._SX569_.jpg
"Leader Scout MTB 26T Mountain Bicycle/Bike Without Gear Single Speed for Men - Sea Green, Ideal for 10 + Years, Frame Size: 18 Inches","Leader Scout MTB 26T Mountain Bicycle/Bike Without Gear Single Speed for Men - Sea Green, Ideal for 10 + Years, Frame Size: 18 Inches",1,10640,https://m.media-amazon.com/images/I/81uLms3JtKL._SX569_.jpg
"Bosch GDC 141 Corded Electric Diamond Tile/Marble Cutter, 1,450W, 125 mm Disc Dia., 12,000 rpm, Double Insulation, Overload Capacity, 3 kg + Hex Key & Hexagon Socket Wrench, 1 Year Warranty","Bosch GDC 141 Corded Electric Diamond Tile/Marble Cutter, 1,450W, 125 mm Disc Dia., 12,000 rpm, Double Insulation, Overload Capacity, 3 kg + Hex Key & Hexagon Socket Wrench, 1 Year Warranty",1,12030,https://m.media-amazon.com/images/I/41uov4W8MmL._SY300_SX300_QL70_FMwebp_.jpg
RJ kitchenware Store Dinner Set 70 Stainless Steel Dinner Set (70 Pcs Set),RJ kitchenware Store Dinner Set 70 Stainless Steel Dinner Set (70 Pcs Set),1,16930,https://m.media-amazon.com/images/I/61OxTYmPHBL._SX569_.jpg
Bajaj PX97 Torque New 36L Personal Air Cooler For Room| DuramarinePump| 1 Year Warranty| TurboFan Technology| Powerful Air Throw| 3-Speed Control| Portable Air Cooler For Home| White,Bajaj PX97 Torque New 36L Personal Air Cooler For Room| DuramarinePump| 1 Year Warranty| TurboFan Technology| Powerful Air Throw| 3-Speed Control| Portable Air Cooler For Home| White,1,15290,https://m.media-amazon.com/images/I/61Juyv14Y0L._SX569_.jpg
"Crompton IntelliSense 90 cm Curved Glass Kitchen Chimney with 1439 m≥/hr Suction, Smart On & Intelligent Auto-Clean | Silent Kitchen Chimney With Baffle Filter (Black, CHD-ISC90BFE-IND)","Crompton IntelliSense 90 cm Curved Glass Kitchen Chimney with 1439 m≥/hr Suction, Smart On & Intelligent Auto-Clean | Silent Kitchen Chimney With Baffle Filter (Black, CHD-ISC90BFE-IND)",1,37520,https://m.media-amazon.com/images/I/51W9ItFVU9L._SX679_.jpg
"Crompton Arno Neo 15-L 5 Star Rated Storage Water Heater (Geyser) with Advanced 3 Level Safety, National Energy Conservation Award Winner 2023","Crompton Arno Neo 15-L 5 Star Rated Storage Water Heater (Geyser) with Advanced 3 Level Safety, National Energy Conservation Award Winner 2023",1,16800,https://m.media-amazon.com/images/I/515nNlnjmSL._SX569_.jpg
"VIVO Y19 5G (Majestic Green, 4GB RAM, 128GB Storage) with No Cost EMI/Additional Exchange Offers","VIVO Y19 5G (Majestic Green, 4GB RAM, 128GB Storage) with No Cost EMI/Additional Exchange Offers",1,32200,https://m.media-amazon.com/images/I/41xlVzMbjOL._SY300_SX300_QL70_FMwebp_.jpg
"Redmi Note 14 5G (Phantom Purple, 6GB RAM 128GB Storage) | Global Debut MTK Dimensity 7025 Ultra | 2100 nits Segment Brightest 120Hz AMOLED | 50MP Sony LYT 600 OIS+EIS Triple Camera","Redmi Note 14 5G (Phantom Purple, 6GB RAM 128GB Storage) | Global Debut MTK Dimensity 7025 Ultra | 2100 nits Segment Brightest 120Hz AMOLED | 50MP Sony LYT 600 OIS+EIS Triple Camera",1,46200,https://m.media-amazon.com/images/I/41kFpOLaEBL._SY300_SX300_QL70_FMwebp_.jpg
"Redmi A4 5G (Starry Black, 4GB RAM, 64GB Storage) | Global Debut SD 4s Gen 2 | Segment Largest 6.88in 120Hz | 50MP Dual Camera | 18W Fast Charging","Redmi A4 5G (Starry Black, 4GB RAM, 64GB Storage) | Global Debut SD 4s Gen 2 | Segment Largest 6.88in 120Hz | 50MP Dual Camera | 18W Fast Charging",1,23230,https://m.media-amazon.com/images/I/41Cd8ElGw8L._SY300_SX300_QL70_FMwebp_.jpg
"OnePlus Nord Buds 3 Truly Wireless Bluetooth in Ear Earbuds with up to 32dB Active Noise Cancellation, 10mins for 11Hours Fast Charging with Up to 43h Music Playback -Chromatic Blue","OnePlus Nord Buds 3 Truly Wireless Bluetooth in Ear Earbuds with up to 32dB Active Noise Cancellation, 10mins for 11Hours Fast Charging with Up to 43h Music Playback -Chromatic Blue",1,6440,https://m.media-amazon.com/images/I/31+KsJDSccL._SY300_SX300_QL70_FMwebp_.jpg
Sony New SA-D40M2 4.1ch Home Theatre/PC Speaker System with 100W Power Output and Powerful Subwoofer - Black,Sony New SA-D40M2 4.1ch Home Theatre/PC Speaker System with 100W Power Output and Powerful Subwoofer - Black,1,27970,https://m.media-amazon.com/images/I/31RIWmGzHaL._SY300_SX300_QL70_FMwebp_.jpg
"OnePlus 13R | Smarter AI | Lifetime Display Warranty (16GB RAM, 512GB Storage Nebula Noir)","OnePlus 13R | Smarter AI | Lifetime Display Warranty (16GB RAM, 512GB Storage Nebula Noir)",1,134400,https://m.media-amazon.com/images/I/41uPss3u3eL._SY300_SX300_QL70_FMwebp_.jpg
"Leader TORFIN 26T City/Hybrid Cycle for Boys/Men with Dual Disc Brake and Front Suspension, Single Speed Without Gear - Ideal Cycle for Men of 10+ Years (Frame: 18 Inches) (26T, Grey)","Leader TORFIN 26T City/Hybrid Cycle for Boys/Men with Dual Disc Brake and Front Suspension, Single Speed Without Gear - Ideal Cycle for Men of 10+ Years (Frame: 18 Inches) (26T, Grey)",1,14000,https://m.media-amazon.com/images/I/41iLVTscwyL._SY300_SX300_QL70_FMwebp_.jpg
"Redmi 14C 5G (Stardust Purple, 4GB RAM, 128GB Storage) | Superfast 4nm Snapdragon 4 Gen 2 | 120Hz 17.47cm (6.88î) Display | 5160mAh Battery | 50MP Dual Camera | Premium Starlight Design","Redmi 14C 5G (Stardust Purple, 4GB RAM, 128GB Storage) | Superfast 4nm Snapdragon 4 Gen 2 | 120Hz 17.47cm (6.88î) Display | 5160mAh Battery | 50MP Dual Camera | Premium Starlight Design",1,27990,https://m.media-amazon.com/images/I/419iM52hHjL._SY300_SX300_QL70_FMwebp_.jpg
"Motorola G45 5G (Brilliant Green, 8GB RAM, 128GB Storage)","Motorola G45 5G (Brilliant Green, 8GB RAM, 128GB Storage)",1,32950,https://m.media-amazon.com/images/I/51NuKHBLX2L._SX466_.jpg
"Whirlpool 192 L 3 Star Vitamagic PRO Frost Free Direct-Cool Single Door Refrigerator (215 VMPRO PRM 3S RADIANT STEEL-Z Fridge, Silver, Auto Defrost Technology)","Whirlpool 192 L 3 Star Vitamagic PRO Frost Free Direct-Cool Single Door Refrigerator (215 VMPRO PRM 3S RADIANT STEEL-Z Fridge, Silver, Auto Defrost Technology)",1,44210,https://m.media-amazon.com/images/I/51eFZDKRtML._SY606_.jpg
Samsung 80 cm (32 inches) HD Ready Smart LED TV UA32T4380AKXXL (Glossy Black),Samsung 80 cm (32 inches) HD Ready Smart LED TV UA32T4380AKXXL (Glossy Black),1,40570,https://m.media-amazon.com/images/I/71JQ3kUrR9L._SX425_.jpg
"Panasonic 6 Kg 5 Star Fully-Automatic Top Load Washing Machine ( NA-F60LF1HRB, Grey, Durable Metal Body, 8 Wash Program, Aquabeat wash technology, One touch smart wash, 2022 model)","Panasonic 6 Kg 5 Star Fully-Automatic Top Load Washing Machine ( NA-F60LF1HRB, Grey, Durable Metal Body, 8 Wash Program, Aquabeat wash technology, One touch smart wash, 2022 model)",1,37770,https://m.media-amazon.com/images/I/61eBNeukK2L._SX679_.jpg
"LG 28 L Convection Microwave Combination OvenOven (MC2846BV, Black, Auto Cook, Defrost, Indian Cuisine, Tandoor Se, Child Lock, Steam Cook & Stainless Steel Cavity)","LG 28 L Convection Microwave Combination OvenOven (MC2846BV, Black, Auto Cook, Defrost, Indian Cuisine, Tandoor Se, Child Lock, Steam Cook & Stainless Steel Cavity)",1,34970,https://m.media-amazon.com/images/I/41aWeIAmsuL._SX342_SY445_QL70_FMwebp_.jpg
"Redmi 13 5G, Hawaiian Blue, 6GB+128GB | India Debut SD 4 Gen 2 AE | 108MP Pro Grade Camera | 6.79in Largest Display in Segment","Redmi 13 5G, Hawaiian Blue, 6GB+128GB | India Debut SD 4 Gen 2 AE | 108MP Pro Grade Camera | 6.79in Largest Display in Segment",1,35000,https://m.media-amazon.com/images/I/4108Ig7HKtL._SY300_SX300_QL70_FMwebp_.jpg
"VIVO T4x 5G (Marine Blue, 6GB RAM + 128GB Storage)","VIVO T4x 5G (Marine Blue, 6GB RAM + 128GB Storage)",1,39200,https://m.media-amazon.com/images/I/81-HKhoE-JL._SX679_.jpg
Panasonic 80 cm (32 inches) HD Ready Smart LED Google TV TH32MS660DX (Black),Panasonic 80 cm (32 inches) HD Ready Smart LED Google TV TH32MS660DX (Black),1,43370,https://m.media-amazon.com/images/I/719d1sN-1HL._SX425_.jpg
"Lenovo Tab Plus with Octa JBL Hi-Fi Speakers| 8 GB RAM, 128 GB ROM| 11.5 Inch, 2K, 90 Hz Refresh| Wi-Fi Tablet| Android 14| 45 W Fast Charger| Built-in Kickstand| Color: Luna Grey","Lenovo Tab Plus with Octa JBL Hi-Fi Speakers| 8 GB RAM, 128 GB ROM| 11.5 Inch, 2K, 90 Hz Refresh| Wi-Fi Tablet| Android 14| 45 W Fast Charger| Built-in Kickstand| Color: Luna Grey",1,53190,https://m.media-amazon.com/images/I/31RIWmGzHaL._SY300_SX300_QL70_FMwebp_.jpg
"LG 7 Kg 5 Star Smart Inverter Technology Fully Automatic Top Load Washing Machine (T70VBMB1Z, Auto Prewash, Turbodrum, Stainless Steel drum, LED Display, Smart Diagnosis Middle Black)","LG 7 Kg 5 Star Smart Inverter Technology Fully Automatic Top Load Washing Machine (T70VBMB1Z, Auto Prewash, Turbodrum, Stainless Steel drum, LED Display, Smart Diagnosis Middle Black)",1,50370,https://m.media-amazon.com/images/I/41+-cw+ODdL._SY445_SX342_QL70_FMwebp_.jpg
"Samsung 7 kg, Eco Bubble Techn, Digital Inverter Motor, Soft Closing Door, Fully-Automatic Top Load Washing Machine (WA70BG4441YYTL, Lavender Gray)","Samsung 7 kg, Eco Bubble Techn, Digital Inverter Motor, Soft Closing Door, Fully-Automatic Top Load Washing Machine (WA70BG4441YYTL, Lavender Gray)",1,48660,https://m.media-amazon.com/images/I/41iYZs1UdpL._SY445_SX342_QL70_FMwebp_.jpg
"OnePlus Nord CE4 Lite 5G (Mega Blue, 8GB RAM, 128GB Storage)","OnePlus Nord CE4 Lite 5G (Mega Blue, 8GB RAM, 128GB Storage)",1,47590,https://m.media-amazon.com/images/I/41GVgsI2ymL._SY300_SX300_QL70_FMwebp_.jpg
"Whirlpool 184 L 2 Star Direct-Cool Single Door Refrigerator (205 WDE CLS 2S SAPPHIRE BLUE-Z, Blue,2023 Model)","Whirlpool 184 L 2 Star Direct-Cool Single Door Refrigerator (205 WDE CLS 2S SAPPHIRE BLUE-Z, Blue,2023 Model)",1,33010,https://m.media-amazon.com/images/I/51yVxCR8VfL._SY606_.jpg
"OnePlus Nord CE 3 Lite 5G (Pastel Lime, 8GB RAM, 128GB Storage)","OnePlus Nord CE 3 Lite 5G (Pastel Lime, 8GB RAM, 128GB Storage)",1,61600,https://m.media-amazon.com/images/I/61QRgOgBx0L._SX569_.jpg
Panasonic 108 cm (43 inches) 4K Ultra HD Smart LED Google TV TH-43MX660DX (Black),Panasonic 108 cm (43 inches) 4K Ultra HD Smart LED Google TV TH-43MX660DX (Black),1,86210,https://m.media-amazon.com/images/I/41BqvH8jFUL._SY300_SX300_QL70_FMwebp_.jpg
"Blue Star 1.3 Ton 3 Star Inverter Split AC with (Copper, Smart Ready, Convertible 5 in 1 Cooling, Multi Sensors, Dust Filters, Blue Fins, 2023Model, IC315YNU,White)","Blue Star 1.3 Ton 3 Star Inverter Split AC with (Copper, Smart Ready, Convertible 5 in 1 Cooling, Multi Sensors, Dust Filters, Blue Fins, 2023Model, IC315YNU,White)",1,93770,https://m.media-amazon.com/images/I/21XSRR81RiL._SX342_SY445_QL70_FMwebp_.jpg
"HP 15, 13th Gen Intel Core i3-1315U, 8GB DDR4, 512GB SSD, (Win 11, Office 21, Grey, 1.59kg), Anti-Glare, Micro-Edge,15.6-inch(39.6cm), FHD Laptop, Intel UHD Graphics, 1080p FHD Camera, fd0006TU","HP 15, 13th Gen Intel Core i3-1315U, 8GB DDR4, 512GB SSD, (Win 11, Office 21, Grey, 1.59kg), Anti-Glare, Micro-Edge,15.6-inch(39.6cm), FHD Laptop, Intel UHD Graphics, 1080p FHD Camera, fd0006TU",1,100770,https://m.media-amazon.com/images/I/6179wxBERlL._SX522_.jpg
Apple iPhone 15 (128 GB) - Pink,Apple iPhone 15 (128 GB) - Pink,1,167720,https://m.media-amazon.com/images/I/31vz6yNQ6+L._SY300_SX300_QL70_FMwebp_.jpg
"Samsung 236 L, 2 Star, Digital Inverter, Frost Free Double Door Refrigerator (RT28C3032GS/HL, Gray Silver)","Samsung 236 L, 2 Star, Digital Inverter, Frost Free Double Door Refrigerator (RT28C3032GS/HL, Gray Silver)",1,64930,https://m.media-amazon.com/images/I/617NKbDmpVL._SY606_.jpg
"Samsung 183 L, 4 Star, Digital Inverter, Direct-Cool Single Door Refrigerator (RR20C1824CR/HL, Red, Camellia Purple, Base Stand Drawer)","Samsung 183 L, 4 Star, Digital Inverter, Direct-Cool Single Door Refrigerator (RR20C1824CR/HL, Red, Camellia Purple, Base Stand Drawer)",1,45890,https://m.media-amazon.com/images/I/41XsfN7KKcL._SY445_SX342_QL70_FMwebp_.jpg
LG 139 cm (55 inches) UR75 Series 4K Ultra HD Smart LED TV 55UR75006LC,LG 139 cm (55 inches) UR75 Series 4K Ultra HD Smart LED TV 55UR75006LC,1,123170,https://m.media-amazon.com/images/I/51zEOeErJ5L._SX300_SY300_QL70_FMwebp_.jpg
"MILTON Aqua 1000 Stainless Steel Water Bottle 950 ml, Single Walled, ISI Certified I Leak Proof Lid, Rust Proof I For School, Office, Gym I Silver","MILTON Aqua 1000 Stainless Steel Water Bottle 950 ml, Single Walled, ISI Certified I Leak Proof Lid, Rust Proof I For School, Office, Gym I Silver",1,790,https://m.media-amazon.com/images/I/31m4Br0LzaL._SY300_SX300_QL70_FMwebp_.jpg
Cello Puro Steel-X Benz 900 | Leak Proof| Wide Mouth & Easy to Open | Insulated Inner Steel Outer Plastic Water Bottle | 730ml | Black,Cello Puro Steel-X Benz 900 | Leak Proof| Wide Mouth & Easy to Open | Insulated Inner Steel Outer Plastic Water Bottle | 730ml | Black,1,1120,https://m.media-amazon.com/images/I/61xZaGaH11L._SX569_.jpg
"MILTON Shine 1000 Stainless Steel Water Bottle, 900 ml, Silver | Leak Proof | Office Bottle | Sports Bottle | Home | Kitchen | Hiking | Treking Bottle | Travel Bottle","MILTON Shine 1000 Stainless Steel Water Bottle, 900 ml, Silver | Leak Proof | Office Bottle | Sports Bottle | Home | Kitchen | Hiking | Treking Bottle | Travel Bottle",1,1090,https://m.media-amazon.com/images/I/31oxZ1MZmLL._SY300_SX300_QL70_FMwebp_.jpg
Dhara Stainless Steel Fit N Fresh Lunch Tiffin Box for Kids 2 Pieces 400 ml Each Green | Leak Proof Airtight Lunch Containers Box for School Kids,Dhara Stainless Steel Fit N Fresh Lunch Tiffin Box for Kids 2 Pieces 400 ml Each Green | Leak Proof Airtight Lunch Containers Box for School Kids,1,1050,https://m.media-amazon.com/images/I/7190RVF2mxL._SX569_.jpg
"Borosil - Stainless Steel Hydra Trek - Vacuum Insulated Flask Water bottle, Black, 700ML","Borosil - Stainless Steel Hydra Trek - Vacuum Insulated Flask Water bottle, Black, 700ML",1,2550,https://m.media-amazon.com/images/I/31BxsOuSuiL._SY300_SX300_QL70_FMwebp_.jpg
Prestige 1.5 Litres Electric Kettle (PKOSS 1.5)|1500W | Silver - Black| Automatic Cut-off | Stainless Steel | Rotatable Base | Power Indicator | Single-Touch Lid Locking,Prestige 1.5 Litres Electric Kettle (PKOSS 1.5)|1500W | Silver - Black| Automatic Cut-off | Stainless Steel | Rotatable Base | Power Indicator | Single-Touch Lid Locking,1,1900,https://m.media-amazon.com/images/I/51Q11RNy8dL._SX569_.jpg
Bajaj Rex Mixer Grinder 500W|Mixie For Kitchen With Nutri-Pro Features|3 SS Mixer Jars For Heavy Duty Grinding|Adjustable Speed Control|Multifunctional Blade System|1 Year Warranty By Bajaj|White,Bajaj Rex Mixer Grinder 500W|Mixie For Kitchen With Nutri-Pro Features|3 SS Mixer Jars For Heavy Duty Grinding|Adjustable Speed Control|Multifunctional Blade System|1 Year Warranty By Bajaj|White,1,5600,https://m.media-amazon.com/images/I/51Ck4wmBbSL._SX569_.jpg
Glen 3 Burner Toughened Glass Top | LPG Gas Stoves | Fuel Efficient Brass Burners | Black | Manual Ignition | ISI Certified| Drip Trays | Ergonomic Knobs | 2 Year Warranty | 1030 GT BB BL,Glen 3 Burner Toughened Glass Top | LPG Gas Stoves | Fuel Efficient Brass Burners | Black | Manual Ignition | ISI Certified| Drip Trays | Ergonomic Knobs | 2 Year Warranty | 1030 GT BB BL,1,10640,https://m.media-amazon.com/images/I/51ZFNjHqE8L._SX569_.jpg
Crompton Amica Classic 15L Storage Water Heater (Geyser),Crompton Amica Classic 15L Storage Water Heater (Geyser),1,28000,https://m.media-amazon.com/images/I/31tM+tmSYBL._SY300_SX300_QL70_FMwebp_.jpg
Shri & Sam Stainless Steel Dinner Set Shagun (70 Pcs Set),Shri & Sam Stainless Steel Dinner Set Shagun (70 Pcs Set),1,9820,https://m.media-amazon.com/images/I/41c+taBRTeL._SY300_SX300_QL70_FMwebp_.jpg
"Orient Electric 1200 mm Pacific Air DÈco| Decorative ceiling fan | Powerful airflow| BEE Star Rated | 2-year warranty | Ivory Gold, pack of 1","Orient Electric 1200 mm Pacific Air DÈco| Decorative ceiling fan | Powerful airflow| BEE Star Rated | 2-year warranty | Ivory Gold, pack of 1",1,5040,https://m.media-amazon.com/images/I/21CFeOtKCCL._SY300_SX300_QL70_FMwebp_.jpg
"Samsung 223 L, 3 Star, Digital Inverter, Direct-Cool Single Door Refrigerator (RR24D2Z23CU/NL, Camellia Blue, Base Stand Drawer)","Samsung 223 L, 3 Star, Digital Inverter, Direct-Cool Single Door Refrigerator (RR24D2Z23CU/NL, Camellia Blue, Base Stand Drawer)",1,53170,https://m.media-amazon.com/images/I/41TVwEZDApL._SY445_SX342_QL70_FMwebp_.jpg
"OnePlus Nord CE4 Lite 5G (Super Silver, 8GB RAM, 128GB Storage) | Lifetime Display Warranty | 5500 mAh Battery, 80W SUPERVOOC and Reverse Charging | 50MP Camera with OIS | 120Hz AMOLED Display","OnePlus Nord CE4 Lite 5G (Super Silver, 8GB RAM, 128GB Storage) | Lifetime Display Warranty | 5500 mAh Battery, 80W SUPERVOOC and Reverse Charging | 50MP Camera with OIS | 120Hz AMOLED Display",1,47590,https://m.media-amazon.com/images/I/31hcJbP0BuL._SY300_SX300_QL70_FMwebp_.jpg
"Lenovo V15 Intel Celeron N4500 15.6"" (39.62 cm) FHD (1920x1080) Antiglare 250 Nits Thin and Light Laptop (8GB RAM/256GB SSD/DOS/Black/1Y Onsite/1.7 kg), 82QYA00HIN","Lenovo V15 Intel Celeron N4500 15.6"" (39.62 cm) FHD (1920x1080) Antiglare 250 Nits Thin and Light Laptop (8GB RAM/256GB SSD/DOS/Black/1Y Onsite/1.7 kg), 82QYA00HIN",1,67120,https://m.media-amazon.com/images/I/31eri+QNlmL._SX300_SY300_QL70_FMwebp_.jpg
"OnePlus 13R | Smarter with OnePlus AI | Lifetime Display Warranty (12GB RAM, 256GB Storage Nebula Noir)","OnePlus 13R | Smarter with OnePlus AI | Lifetime Display Warranty (12GB RAM, 256GB Storage Nebula Noir)",1,120400,https://m.media-amazon.com/images/I/61muVCIy-uL._SX569_.jpg
"PHILIPS Digital Airfryer with Touch Panel, 4.1L, with RapidAir Technology,with additional 1 Yr Warranty by Philips, 7 Pre-set Menu (HD9252/90)(Black), Large","PHILIPS Digital Airfryer with Touch Panel, 4.1L, with RapidAir Technology,with additional 1 Yr Warranty by Philips, 7 Pre-set Menu (HD9252/90)(Black), Large",1,21000,https://m.media-amazon.com/images/I/31PPBvB-EyL._SY300_SX300_QL70_FMwebp_.jpg
"Sumeet Stainless Steel Copper Bottom Belly Shape 2 Pc Tope/Cookware/Pot Set with Lid 1.4 liter , 1.75 liter (Silver)","Sumeet Stainless Steel Copper Bottom Belly Shape 2 Pc Tope/Cookware/Pot Set with Lid 1.4 liter , 1.75 liter (Silver)",1,3370,https://m.media-amazon.com/images/I/31xoseA9haL._SY300_SX300_QL70_FMwebp_.jpg
"Safari Pentagon Neo 8 Wheels 55Cm Cabin Trolley Bag Hard Case Polypropylene, 360 Degree Wheeling Carry on Luggage, Travel Bag, Suitcase for Travel, Trolley Bags for Travel, Sage Green","Safari Pentagon Neo 8 Wheels 55Cm Cabin Trolley Bag Hard Case Polypropylene, 360 Degree Wheeling Carry on Luggage, Travel Bag, Suitcase for Travel, Trolley Bags for Travel, Sage Green",1,4480,https://m.media-amazon.com/images/I/61W2CsmN1fL._SX522_.jpg
"iQOO Z10x 5G (Ultramarine, 6GB RAM, 128GB Storage) | 6500 mAh Large Capacity Battery | Dimensity 7300 Processor | Military-Grade Durability","iQOO Z10x 5G (Ultramarine, 6GB RAM, 128GB Storage) | 6500 mAh Large Capacity Battery | Dimensity 7300 Processor | Military-Grade Durability",1,37790,https://m.media-amazon.com/images/I/61oa+zoqwmL._SX569_.jpg
"Fastrack Limitless Glide X 1.83"" Smart Watch with Ultra UV HD Display, SpO2, Heart Rate & Sleep Tracking, Bluetooth Calling, 100+ Sports Modes, 5-Day Battery, Smartwatch for Men & Women (Blue)","Fastrack Limitless Glide X 1.83"" Smart Watch with Ultra UV HD Display, SpO2, Heart Rate & Sleep Tracking, Bluetooth Calling, 100+ Sports Modes, 5-Day Battery, Smartwatch for Men & Women (Blue)",1,4310,https://m.media-amazon.com/images/I/415-RjwnWOL._SY300_SX300_QL70_FMwebp_.jpg
"v guard 3 L Instant Water Wall Mounted Geyser (White, Sprinhot?)","v guard 3 L Instant Water Wall Mounted Geyser (White, Sprinhot?)",1,10320,https://m.media-amazon.com/images/I/41gWyTK0HuL.jpg
"LG 8 Kg 5 Star Smart Inverter Technology Fully Automatic Top Load Washing Machine (T80VBMB4Z, Turbodrum, Auto Prewash, Stainless Steel drum, LED Display, Smart Diagnosis, Middle Black)","LG 8 Kg 5 Star Smart Inverter Technology Fully Automatic Top Load Washing Machine (T80VBMB4Z, Turbodrum, Auto Prewash, Stainless Steel drum, LED Display, Smart Diagnosis, Middle Black)",1,55970,https://m.media-amazon.com/images/I/71BITpPSjML._SY606_.jpg
"Kutchina Flora DLX 90 Filterless Autoclean Chimney for Kitchen | 3rd Gen Dry Auto Clean | 1200 m≥/hr Suction | Touch Control + Wave Sensor | Oil Collector | Warranty 9yrs on Motor, 1yr on Product","Kutchina Flora DLX 90 Filterless Autoclean Chimney for Kitchen | 3rd Gen Dry Auto Clean | 1200 m≥/hr Suction | Touch Control + Wave Sensor | Oil Collector | Warranty 9yrs on Motor, 1yr on Product",1,37770,https://m.media-amazon.com/images/I/31X3yPjpG2L._SX342_SY445_QL70_FMwebp_.jpg
"Havells 1200Mm Ambrose Es Ceiling Fan|Premium Matt Finish,Decorative Fan,Elegant Looks,High Air Delivery,Energy Saving,100% Pure Copper Motor|2 Year Warranty By Brand|3.8 stars,(Pack Of 1,Copper)","Havells 1200Mm Ambrose Es Ceiling Fan|Premium Matt Finish,Decorative Fan,Elegant Looks,High Air Delivery,Energy Saving,100% Pure Copper Motor|2 Year Warranty By Brand|3.8 stars,(Pack Of 1,Copper)",1,6440,https://m.media-amazon.com/images/I/515ceyK8k-L._SX569_.jpg
"OnePlus Nord Buds 2r True Wireless in Ear Earbuds with Mic, 12.4mm Drivers, Playback:Upto 38hr case,4-Mic Design, IP55 Rating [Deep Grey]","OnePlus Nord Buds 2r True Wireless in Ear Earbuds with Mic, 12.4mm Drivers, Playback:Upto 38hr case,4-Mic Design, IP55 Rating [Deep Grey]",1,4760,https://m.media-amazon.com/images/I/51oMWaW7tKL._SX569_.jpg
"LG 272 L 3 Star Frost-Free Smart Inverter Compressor Double Door Refrigerator (GL-S312SPZX, Shiny Steel, Convertible & Multi Air Flow Cooling)","LG 272 L 3 Star Frost-Free Smart Inverter Compressor Double Door Refrigerator (GL-S312SPZX, Shiny Steel, Convertible & Multi Air Flow Cooling)",1,83970,https://m.media-amazon.com/images/I/61KnDSFPOfL._SY606_.jpg
"Redmi Pad Pro| Snapdragon 7s Gen 2| 30.7cm(12.1"") Tablet| 33+ Days Standby|10000mAh| HyperOS| 120Hz|6GB, 128GB| Quad Speakers|Wi-Fi 6| Mist Blue","Redmi Pad Pro| Snapdragon 7s Gen 2| 30.7cm(12.1"") Tablet| 33+ Days Standby|10000mAh| HyperOS| 120Hz|6GB, 128GB| Quad Speakers|Wi-Fi 6| Mist Blue",1,56000,https://m.media-amazon.com/images/I/41eC+dy1QDL._SY300_SX300_QL70_FMwebp_.jpg
"PHILIPS Air fryer for Home, 4.1 Liter, with RapidAir Technology (Black), with additional 1 Yr Warranty by Philips, uses up to 90% less fat (HD9200/90)","PHILIPS Air fryer for Home, 4.1 Liter, with RapidAir Technology (Black), with additional 1 Yr Warranty by Philips, uses up to 90% less fat (HD9200/90)",1,17500,https://m.media-amazon.com/images/I/41exFmRRtqL._SX569_.jpg
"REDMI 13C (STARSHINE GREEN, 6GB RAM, 128GB STORAGE) | POWERED BY 4G MEDIATEK HELIO G85 | 90HZ DISPLAY | 50MP AI TRIPLE CAMERA","REDMI 13C (STARSHINE GREEN, 6GB RAM, 128GB STORAGE) | POWERED BY 4G MEDIATEK HELIO G85 | 90HZ DISPLAY | 50MP AI TRIPLE CAMERA",1,28000,https://m.media-amazon.com/images/I/411iWoJEJjL._SY300_SX300_QL70_FMwebp_.jpg
"REDMI NOTE 13 5G (ARCTIC WHITE, 6GB RAM, 128GB STORAGE) | MTK DIMENSITY 6080 5G | 7.6MM, SLIMMEST NOTE EVER","REDMI NOTE 13 5G (ARCTIC WHITE, 6GB RAM, 128GB STORAGE) | MTK DIMENSITY 6080 5G | 7.6MM, SLIMMEST NOTE EVER",1,50400,https://m.media-amazon.com/images/I/71VW8LmqqPL._SX679_.jpg
"OPPO RENO12 PRO 5G (SUNSET GOLD ,256 GB)(12GB RAM)","OPPO RENO12 PRO 5G (SUNSET GOLD ,256 GB)(12GB RAM)",1,106400,https://m.media-amazon.com/images/I/41ZyErUwKYL._SY550_.jpg
"ONEPLUS 12R (IRON GRAY, 8GB RAM, 128GB STORAGE)","ONEPLUS 12R (IRON GRAY, 8GB RAM, 128GB STORAGE)",1,1400,https://m.media-amazon.com/images/I/71XNeka-BRL._SX569_.jpg
APPLE IPHONE 15 (128 GB) - BLUE,APPLE IPHONE 15 (128 GB) - BLUE,1,167720,https://m.media-amazon.com/images/I/71d7rfSl0wL._SX569_.jpg
APPLE IPHONE 15 PLUS (256 GB) - GREEN,APPLE IPHONE 15 PLUS (256 GB) - GREEN,1,195720,https://m.media-amazon.com/images/I/71ZP6U9sWTL._SX569_.jpg
"LG 242 L 3 STAR SMART INVERTER FROST-FREE DOUBLE DOOR REFRIGERATOR (GL-I292RPZX, SHINY STEEL, DOOR COOLING+)","LG 242 L 3 STAR SMART INVERTER FROST-FREE DOUBLE DOOR REFRIGERATOR (GL-I292RPZX, SHINY STEEL, DOOR COOLING+)",1,69970,https://m.media-amazon.com/images/I/31D65qgd9cL._SX342_SY445_QL70_FMwebp_.jpg
"SAMSUNG 8 KG, AI CONTROL, WI-FI, HYGIENE STEAM WITH INBUILT HEATER, DIGITAL INVERTER, FULLY-AUTOMATIC FRONT LOAD WASHING MACHINE (WW80T504DAX1TL, INOX)","SAMSUNG 8 KG, AI CONTROL, WI-FI, HYGIENE STEAM WITH INBUILT HEATER, DIGITAL INVERTER, FULLY-AUTOMATIC FRONT LOAD WASHING MACHINE (WW80T504DAX1TL, INOX)",1,100770,https://m.media-amazon.com/images/I/71+htsZNuyL._SX466_.jpg
"SAMSUNG 2 TON 3 STAR WI-FI ENABLED INVERTER SPLIT AC (COPPER, CONVERTIBLE 5-IN-1 COOLING MODE, ANTI-BACTERIAL FILTER, 2023 MODEL AR24CYLZABE WHITE)","SAMSUNG 2 TON 3 STAR WI-FI ENABLED INVERTER SPLIT AC (COPPER, CONVERTIBLE 5-IN-1 COOLING MODE, ANTI-BACTERIAL FILTER, 2023 MODEL AR24CYLZABE WHITE)",1,134370,https://m.media-amazon.com/images/I/31jYZ58xWtL._SX342_SY445_QL70_FMwebp_.jpg
"JBL GO 3, WIRELESS ULTRA PORTABLE BLUETOOTH SPEAKER, PRO SOUND, VIBRANT COLORS WITH RUGGED FABRIC DESIGN, WATERPROOF, TYPE C (WITHOUT MIC, RED)","JBL GO 3, WIRELESS ULTRA PORTABLE BLUETOOTH SPEAKER, PRO SOUND, VIBRANT COLORS WITH RUGGED FABRIC DESIGN, WATERPROOF, TYPE C (WITHOUT MIC, RED)",1,5600,https://m.media-amazon.com/images/I/51CUqSaN4AL._SX425_.jpg
"HAMMONDS FLYCATCHER GENUINE LEATHER LAPTOP BAG FOR MEN - OFFICE BAG, BROWN COLOR - FITS UP TO 14/15.6/16 INCH LAPTOP/MACBOOK - LAPTOP MESSENGER BAGS/LEATHER BAG FOR MEN WITH ADJUSTABLE SHOULDER STRAP","HAMMONDS FLYCATCHER GENUINE LEATHER LAPTOP BAG FOR MEN - OFFICE BAG, BROWN COLOR - FITS UP TO 14/15.6/16 INCH LAPTOP/MACBOOK - LAPTOP MESSENGER BAGS/LEATHER BAG FOR MEN WITH ADJUSTABLE SHOULDER STRAP",1,8330,https://m.media-amazon.com/images/I/410lx4ykQ4L._SY300_SX300_QL70_FMwebp_.jpg
"LG 9 Kg (Wash) / 5 Kg (Dry) Ai Direct Drive With Wi-Fi Fully Front Load Automatic Front-Loading Washer Dryer (Fhd0905Swm, With Steam Remove Allergen, Middle Black)","LG 9 Kg (Wash) / 5 Kg (Dry) Ai Direct Drive With Wi-Fi Fully Front Load Automatic Front-Loading Washer Dryer (Fhd0905Swm, With Steam Remove Allergen, Middle Black)",1,139970,https://m.media-amazon.com/images/I/71dzVKQ6jlL._SY606_.jpg
"iPhone 16 128 GB: 5G Mobile Phone with Camera Control, A18 Chip and a Big Boost in Battery Life. Works with AirPods; White","iPhone 16 128 GB: 5G Mobile Phone with Camera Control, A18 Chip and a Big Boost in Battery Life. Works with AirPods; White",1,194600,https://m.media-amazon.com/images/I/61d88xzrklL._SX679_.jpg
"iPhone 16 Plus 128 GB: 5G Mobile Phone with Camera Control, A18 Chip and a Big Boost in Battery Life. Works with AirPods; Ultrmarine","iPhone 16 Plus 128 GB: 5G Mobile Phone with Camera Control, A18 Chip and a Big Boost in Battery Life. Works with AirPods; Ultrmarine",1,221200,https://m.media-amazon.com/images/I/71D3JsltoLL._SX679_.jpg
"iPhone 16 Pro 128 GB: 5G Mobile Phone with Camera Control, 4K 120 fps Dolby Vision and a Huge Leap in Battery Life. Works with AirPods; Desert Titanium","iPhone 16 Pro 128 GB: 5G Mobile Phone with Camera Control, 4K 120 fps Dolby Vision and a Huge Leap in Battery Life. Works with AirPods; Desert Titanium",1,391720,https://m.media-amazon.com/images/I/61Ony8rgwEL._SX679_.jpg
"iPhone 16 Pro Max 256 GB: 5G Mobile Phone with Camera Control, 4K 120 fps Dolby Vision and a Huge Leap in Battery Life. Works with AirPods; Desert Titanium","iPhone 16 Pro Max 256 GB: 5G Mobile Phone with Camera Control, 4K 120 fps Dolby Vision and a Huge Leap in Battery Life. Works with AirPods; Desert Titanium",1,377720,https://m.media-amazon.com/images/I/61giwQtR1qL._SX679_.jpg
"iPhone 16 Pro 512 GB: 5G Mobile Phone with Camera Control, 4K 120 fps Dolby Vision and a Huge Leap in Battery Life. Works with AirPods; Black Titanium","iPhone 16 Pro 512 GB: 5G Mobile Phone with Camera Control, 4K 120 fps Dolby Vision and a Huge Leap in Battery Life. Works with AirPods; Black Titanium",1,391720,https://m.media-amazon.com/images/I/31g-P19G-yL._SX342_SY445_QL70_FMwebp_.jpg
Sony BRAVIA 3 Series 189 cm (75 inches) 4K Ultra HD AI Smart LED Google TV K-75S30B (Black),Sony BRAVIA 3 Series 189 cm (75 inches) 4K Ultra HD AI Smart LED Google TV K-75S30B (Black),1,394770,https://m.media-amazon.com/images/I/51epJYI6KrL._SX300_SY300_QL70_FMwebp_.jpg
"Samsung Galaxy S24 5G AI Smartphone (Onyx Black, 8GB, 256GB Storage)","Samsung Galaxy S24 5G AI Smartphone (Onyx Black, 8GB, 256GB Storage)",1,154000,https://m.media-amazon.com/images/I/714DutH6IBL._SX569_.jpg
"iPhone 16 Pro 512 GB: 5G Mobile Phone with Camera Control, 4K 120 fps Dolby Vision and a Huge Leap in Battery Life. Works with AirPods; White Titanium","iPhone 16 Pro 512 GB: 5G Mobile Phone with Camera Control, 4K 120 fps Dolby Vision and a Huge Leap in Battery Life. Works with AirPods; White Titanium",1,391720,https://m.media-amazon.com/images/I/61xJlx-3KDL._SX679_.jpg
LG 80 cm (32 inches) HD Ready Smart LED TV 32LM563BPTC (Dark Iron Gray),LG 80 cm (32 inches) HD Ready Smart LED TV 32LM563BPTC (Dark Iron Gray),1,38050,https://m.media-amazon.com/images/I/61dZYrGXYxL._SX425_.jpg
Samsung Galaxy in Ear Buds 3 Pro(White) with Galaxy Ai|Adaptive ANC|Real-Time Interpreter|24-Bit Hi-Fi Audio|Up to 37H Battery|Ip57,Samsung Galaxy in Ear Buds 3 Pro(White) with Galaxy Ai|Adaptive ANC|Real-Time Interpreter|24-Bit Hi-Fi Audio|Up to 37H Battery|Ip57,1,53190,https://m.media-amazon.com/images/I/61fDBCned+L._SX679_.jpg
"Vivo Y300 5G (Emerald Green, 8GB RAM, 128GB Storage) with No Cost EMI/Additional Exchange Offers","Vivo Y300 5G (Emerald Green, 8GB RAM, 128GB Storage) with No Cost EMI/Additional Exchange Offers",1,58800,https://m.media-amazon.com/images/I/71nazjnsH3L._SX569_.jpg
"OnePlus Nord CE4 (Celadon Marble, 8GB RAM, 128GB Storage)","OnePlus Nord CE4 (Celadon Marble, 8GB RAM, 128GB Storage)",1,54600,https://m.media-amazon.com/images/I/61nxQ62qglL._SX569_.jpg
"Samsung 27-Inch(68.47cm) UHD 4K ViewFinity S7 Monitor, IPS, 60 Hz, 1.07 Billion Colors, HDR10, Easy Setup, Multiple Ports, Eye Care Technology (LS27D700EAWXXL, Black)","Samsung 27-Inch(68.47cm) UHD 4K ViewFinity S7 Monitor, IPS, 60 Hz, 1.07 Billion Colors, HDR10, Easy Setup, Multiple Ports, Eye Care Technology (LS27D700EAWXXL, Black)",1,55720,https://m.media-amazon.com/images/I/411hbuAxd4L._SX300_SY300_QL70_FMwebp_.jpg
Samsung 108 cm (43 inches) Full HD Smart LED TV UA43T5450AKXXL (Black),Samsung 108 cm (43 inches) Full HD Smart LED TV UA43T5450AKXXL (Black),1,67170,https://m.media-amazon.com/images/I/41-ALR1y5lL._SX300_SY300_QL70_FMwebp_.jpg
"LG 185 L 5 Star Direct Cool Smart Inverter Compressor Single Door Refrigerator (GL-D201ABIU, Blue ILAN, Moist N Fresh, Auto Smart Connect with Base Stand Drawer)","LG 185 L 5 Star Direct Cool Smart Inverter Compressor Single Door Refrigerator (GL-D201ABIU, Blue ILAN, Moist N Fresh, Auto Smart Connect with Base Stand Drawer)",1,47570,https://m.media-amazon.com/images/I/41lxw83TBsL._SY445_SX342_QL70_FMwebp_.jpg
"Samsung 236 L, 3 Star, Convertible, Digital Inverter with Display Frost Free Double Door Refrigerator (RT28C3733B1/HL, Black Matt)","Samsung 236 L, 3 Star, Convertible, Digital Inverter with Display Frost Free Double Door Refrigerator (RT28C3733B1/HL, Black Matt)",1,75570,https://m.media-amazon.com/images/I/61aQVw2a9YL._SY606_.jpg
"Haier 596 L, Wi-Fi enabled Water Dispenser Frost Free, 2-Door Side by Side Refrigerator with 100% Convertible Fridge Space & Expert Inverter Technology (HRS-682SWDU1, Shiny Steel)","Haier 596 L, Wi-Fi enabled Water Dispenser Frost Free, 2-Door Side by Side Refrigerator with 100% Convertible Fridge Space & Expert Inverter Technology (HRS-682SWDU1, Shiny Steel)",1,195970,https://m.media-amazon.com/images/I/415mOaccS5L._SX342_SY445_QL70_FMwebp_.jpg
"OnePlus Nord Buds 3 Pro Truly Wireless Bluetooth in Ear Earbuds with Upto 49Db Active Noise Cancellation,12.4Mm Dynamic Drivers,10Mins for 11Hrs Fast Charging with Upto 44Hrs Music Playback[Black]","OnePlus Nord Buds 3 Pro Truly Wireless Bluetooth in Ear Earbuds with Upto 49Db Active Noise Cancellation,12.4Mm Dynamic Drivers,10Mins for 11Hrs Fast Charging with Upto 44Hrs Music Playback[Black]",1,8400,https://m.media-amazon.com/images/I/51RaySTbIVL._SX569_.jpg
Sony 139 cm (55 inches) BRAVIA 2 4K Ultra HD Smart LED Google TV K-55S25B (Black),Sony 139 cm (55 inches) BRAVIA 2 4K Ultra HD Smart LED Google TV K-55S25B (Black),1,162370,https://m.media-amazon.com/images/I/412ndKlVowL._SX300_SY300_QL70_FMwebp_.jpg
Bajaj Rex Mixer Grinder 500W | Mixie For Kitchen With Nutri-Pro Features | 3 SS Jars For Heavy Duty Grinding | Adjustable Speed Control | Multifunctional Blade System | 1 Yr Warranty By Bajaj ?White?,Bajaj Rex Mixer Grinder 500W | Mixie For Kitchen With Nutri-Pro Features | 3 SS Jars For Heavy Duty Grinding | Adjustable Speed Control | Multifunctional Blade System | 1 Yr Warranty By Bajaj ?White?,1,5600,https://m.media-amazon.com/images/I/51Ck4wmBbSL._SX569_.jpg
KENT Grand RO Water Purifier | Advanced RO Tech for Sabse Shudh Paani | RO+UF+TDS Control + UV LED Tank | 8L | 20LPH Flow | Ideal for Borewell/Tanker/Municipal Water | Largest Service Network,KENT Grand RO Water Purifier | Advanced RO Tech for Sabse Shudh Paani | RO+UF+TDS Control + UV LED Tank | 8L | 20LPH Flow | Ideal for Borewell/Tanker/Municipal Water | Largest Service Network,1,33590,https://m.media-amazon.com/images/I/71uyWYbJFYL._SX425_.jpg
"Samsung 8 kg, 5 star, Semi-Automatic Top Load Washing Machine (WT80C4200GG/TL, Air Turbo Drying, Light Gray,)","Samsung 8 kg, 5 star, Semi-Automatic Top Load Washing Machine (WT80C4200GG/TL, Air Turbo Drying, Light Gray,)",1,34970,https://m.media-amazon.com/images/I/41wcofA-wxL._SX342_SY445_QL70_FMwebp_.jpg
"Panasonic 1.5 Ton 5 Star Premium Wi-Fi Inverter Smart Split AC (Matter Enabled, Higher Airflow, Copper Condenser, 7in1 Convertible, True AI, 4-Way, PM 0.1 Filter, CS/CU-NU18AKY5WX, White)","Panasonic 1.5 Ton 5 Star Premium Wi-Fi Inverter Smart Split AC (Matter Enabled, Higher Airflow, Copper Condenser, 7in1 Convertible, True AI, 4-Way, PM 0.1 Filter, CS/CU-NU18AKY5WX, White)",1,125970,https://m.media-amazon.com/images/I/611kC3cgqwL._SX679_.jpg
"Faber 60 cm 1000 m≥/hr Kitchen Chimney (HOOD PLUTO PB BF BK 60, Baffle Filter, Push Button, Black)","Faber 60 cm 1000 m≥/hr Kitchen Chimney (HOOD PLUTO PB BF BK 60, Baffle Filter, Push Button, Black)",1,17610,https://m.media-amazon.com/images/I/61PTZ9Z7NYL._SX679_.jpg
"LG 7 Kg 5 Star Wind Jet Dry Semi-Automatic Top Loading Washing Machine (P7020NGAZ, Dark Gray, Rat Away Feature)","LG 7 Kg 5 Star Wind Jet Dry Semi-Automatic Top Loading Washing Machine (P7020NGAZ, Dark Gray, Rat Away Feature)",1,29370,https://m.media-amazon.com/images/I/41lEyYkN4gL._SX342_SY445_QL70_FMwebp_.jpg
"Samsung Galaxy Tab A9+ 27.94 cm(11.0 inch) Display, RAM 4 GB, ROM 64 GB Expandable, Wi-Fi+5G, Tablet, Gray","Samsung Galaxy Tab A9+ 27.94 cm(11.0 inch) Display, RAM 4 GB, ROM 64 GB Expandable, Wi-Fi+5G, Tablet, Gray",1,57960,https://m.media-amazon.com/images/I/71BVQHZ+idL._SX425_.jpg
Whirlpool 8 Kg 5 MAGIC CLEAN PRO SW H Fully Automatic Top Load Washing Machine (MAGIC CLEAN PRO SW H KG GREY 10YMW with In-Built Heater),Whirlpool 8 Kg 5 MAGIC CLEAN PRO SW H Fully Automatic Top Load Washing Machine (MAGIC CLEAN PRO SW H KG GREY 10YMW with In-Built Heater),1,50790,https://m.media-amazon.com/images/I/71QiAjw7KdL._SY606_.jpg
"VIVO Y36 (METEOR BLACK, 8GB RAM, 128GB STORAGE) WITH NO COST EMI/ADDITIONAL EXCHANGE OFFERS","VIVO Y36 (METEOR BLACK, 8GB RAM, 128GB STORAGE) WITH NO COST EMI/ADDITIONAL EXCHANGE OFFERS",1,36400,https://m.media-amazon.com/images/I/417t1C2Zs-L._SY300_SX300_QL70_FMwebp_.jpg
APPLE IPHONE 13 (128GB) - BLUE,APPLE IPHONE 13 (128GB) - BLUE,1,122920,https://m.media-amazon.com/images/I/71xb2xkN5qL._SX569_.jpg
Samsung 108 cm (43 inches) D Series Brighter Crystal 4K Vivid Pro Ultra HD Smart LED TV UA43DUE77AKLXL (Black),Samsung 108 cm (43 inches) D Series Brighter Crystal 4K Vivid Pro Ultra HD Smart LED TV UA43DUE77AKLXL (Black),1,82570,https://m.media-amazon.com/images/I/51dRoa85BNL._SX300_SY300_QL70_FMwebp_.jpg
WHIRLPOOL 7.5 KG 5 STAR STAINWASH ROYAL PLUS FULLY AUTOMATIC TOP LOAD WASHING MACHINEÔøΩ(SW ROYAL PLUS 7.5 (H) GREY 10YMWÔøΩWITH IN-BUILT HEATER),WHIRLPOOL 7.5 KG 5 STAR STAINWASH ROYAL PLUS FULLY AUTOMATIC TOP LOAD WASHING MACHINEÔøΩ(SW ROYAL PLUS 7.5 (H) GREY 10YMWÔøΩWITH IN-BUILT HEATER),1,50930,https://m.media-amazon.com/images/I/61gVfUHxSfL._SX679_.jpg
"Samsung Galaxy S24 Ultra 5G AI Smartphone with Galaxy AI (Titanium Gray, 12GB, 512GB Storage), Snapdragon 8 Gen 3, 200 MP Camera with ProVisual Engine and 5000mAh Battery","Samsung Galaxy S24 Ultra 5G AI Smartphone with Galaxy AI (Titanium Gray, 12GB, 512GB Storage), Snapdragon 8 Gen 3, 200 MP Camera with ProVisual Engine and 5000mAh Battery",1,261100,https://m.media-amazon.com/images/I/41X9qNxoJKL._SY300_SX300_QL70_FMwebp_.jpg
"Jupiter Industries Reinforced Leather Work Gloves with Palm Patch for Gardening, Farming, Construction, Warehousing, Motorcycling, Truck Driving - 10 Inches - Yellow - Pack of 1","Jupiter Industries Reinforced Leather Work Gloves with Palm Patch for Gardening, Farming, Construction, Warehousing, Motorcycling, Truck Driving - 10 Inches - Yellow - Pack of 1",1,1510,https://m.media-amazon.com/images/I/81CUlOx+Z6L._SX522_.jpg
"HAND SAFETY Premium Split Cowhide Leather and Cotton Work Gloves Ideal for Welding, Construction, Gardening, Animal handling (Grey, Yellow) Pack of 1(CG-110)","HAND SAFETY Premium Split Cowhide Leather and Cotton Work Gloves Ideal for Welding, Construction, Gardening, Animal handling (Grey, Yellow) Pack of 1(CG-110)",1,980,https://m.media-amazon.com/images/I/91EfAgQkUWS._SX425_.jpg
"HAND SAFETY Premium Split Cowhide Leather and Cotton Work Gloves Ideal for Welding, Construction, Gardening, Animal handling (Black, Yellow) Pack of 1","HAND SAFETY Premium Split Cowhide Leather and Cotton Work Gloves Ideal for Welding, Construction, Gardening, Animal handling (Black, Yellow) Pack of 1",1,1380,https://m.media-amazon.com/images/I/41Fh-oDiUUL._SX342_SY445_QL70_FMwebp_.jpg
"Robustt Steel Toe Lightweight Gum Boots | Standard Steel Safety Shoes | Size - 8 | Anti Slip, Waterpoof | Breathable Printed Leather Shoes | Puncture and Tear Resistant | For Industrial Use (Red)","Robustt Steel Toe Lightweight Gum Boots | Standard Steel Safety Shoes | Size - 8 | Anti Slip, Waterpoof | Breathable Printed Leather Shoes | Puncture and Tear Resistant | For Industrial Use (Red)",1,1500,https://m.media-amazon.com/images/I/61bCjNTp1hL._SX425_.jpg
Vaultex PVC Industrial Purpose Lightweight Gum boots | Gum Boots for Men | Black | SG91,Vaultex PVC Industrial Purpose Lightweight Gum boots | Gum Boots for Men | Black | SG91,1,1610,https://m.media-amazon.com/images/I/61V3301QLtL._SY535_.jpg
"Kraft Seeds Garden Trowel - 1 PC (Red Handle, Metal Blade) | Gardening Tools for Home Garden | Durable and Sturdy Rust-free Shovel for Garden | Premium Gardening Accessories","Kraft Seeds Garden Trowel - 1 PC (Red Handle, Metal Blade) | Gardening Tools for Home Garden | Durable and Sturdy Rust-free Shovel for Garden | Premium Gardening Accessories",1,450,https://m.media-amazon.com/images/I/61aLH58+n6L._SX569_.jpg
"Tata Agrico Digging Transplanter, Handle Material Plastic, Stainless Steel, Hand Digging Trowel for Garden Trowel/Transplanter/Hand Soil Tool | Black (Pack of 1, GTS075)","Tata Agrico Digging Transplanter, Handle Material Plastic, Stainless Steel, Hand Digging Trowel for Garden Trowel/Transplanter/Hand Soil Tool | Black (Pack of 1, GTS075)",1,500,https://m.media-amazon.com/images/I/61cCOwYUufL._SX569_.jpg
Heavy jodhpuri plumbob 5no.,Heavy jodhpuri plumbob 5no.,1,990,https://m.media-amazon.com/images/I/41jYTKx+SOL.jpg
Tenable Nautical Mart Plumb Bob Full Brass with 100 Gram (Pack of 1) Levelling Instrument,Tenable Nautical Mart Plumb Bob Full Brass with 100 Gram (Pack of 1) Levelling Instrument,1,970,https://m.media-amazon.com/images/I/41-8r5BNgiL._SY879_.jpg
Plum Bob with Line_Size 500 Gms to_Pack of 1 Pc_FREE Delivery,Plum Bob with Line_Size 500 Gms to_Pack of 1 Pc_FREE Delivery,1,920,https://m.media-amazon.com/images/I/718SRJLqP9L._SX569_.jpg
"B K Jagan & CO Mason Tools Combo(Gurmala, Tesi Hammer, Mason Thread, 3/4"" Plumbo, Mansola, Karni Tool for Plaster, Level Pipe 5 Mt.)","B K Jagan & CO Mason Tools Combo(Gurmala, Tesi Hammer, Mason Thread, 3/4"" Plumbo, Mansola, Karni Tool for Plaster, Level Pipe 5 Mt.)",1,2490,https://m.media-amazon.com/images/I/41CYVR8+k-L._SX522_.jpg
"Godrej 1.5 Ton 3 Star, 5 Years Comprehensive Warranty, AI Powered, 5-In-1 Convertible Cooling, Inverter Split AC (Copper, 2025 Model, Heavy duty cooling at 52 ∞C, AC1.5T EI 18P3T WZT 3S, White)","Godrej 1.5 Ton 3 Star, 5 Years Comprehensive Warranty, AI Powered, 5-In-1 Convertible Cooling, Inverter Split AC (Copper, 2025 Model, Heavy duty cooling at 52 ∞C, AC1.5T EI 18P3T WZT 3S, White)",1,88170,https://m.media-amazon.com/images/I/218hLEPqrrL._SX342_SY445_QL70_FMwebp_.jpg
Revive Home Premium Heavy Cotton Elastic Fitted Bedsheets with 2 King Size Pillow Covers || Double Bed with All Around Elastic 350 TC || 72 x 78 x 10 Inch King Size Fitted || - Jaipuri Peacock,Revive Home Premium Heavy Cotton Elastic Fitted Bedsheets with 2 King Size Pillow Covers || Double Bed with All Around Elastic 350 TC || 72 x 78 x 10 Inch King Size Fitted || - Jaipuri Peacock,1,1400,https://m.media-amazon.com/images/I/71auzS0Rx3L._SX569_.jpg
"Decozom Premium Heavy Cotton Elastic Fitted Bedsheets with 2 King Size Pillow Covers || Double Bed with All Around Elastic 350 TC || 72 x 78 Inch King Size Fitted || - Ganga Lehar, Multicolor","Decozom Premium Heavy Cotton Elastic Fitted Bedsheets with 2 King Size Pillow Covers || Double Bed with All Around Elastic 350 TC || 72 x 78 Inch King Size Fitted || - Ganga Lehar, Multicolor",1,1400,https://m.media-amazon.com/images/I/61jkbVbwiYL._SX569_.jpg
"Urban Terrain Galaxy Pro High Performance Steel Mountain Cycles for Men with Front Suspension & Dual Disc Brake MTB Bike 26T Single Speed | Ideal for 13+ Years, Unisex, Frame Size : 17 inch, White","Urban Terrain Galaxy Pro High Performance Steel Mountain Cycles for Men with Front Suspension & Dual Disc Brake MTB Bike 26T Single Speed | Ideal for 13+ Years, Unisex, Frame Size : 17 inch, White",1,13440,https://m.media-amazon.com/images/I/41XGRV6DoEL._SY300_SX300_QL70_FMwebp_.jpg
Prestige IRIS Toughened Glass-Top 2 Brass Burner LPG Gas Stove | Black | Spill Proof | Ergonomic Knobs | Tri-Pin Brass Burners |Open,Prestige IRIS Toughened Glass-Top 2 Brass Burner LPG Gas Stove | Black | Spill Proof | Ergonomic Knobs | Tri-Pin Brass Burners |Open,1,8140,https://m.media-amazon.com/images/I/41iQ+CI8IlL._SY300_SX300_QL70_FMwebp_.jpg
Preethi Alya 2 Burner Glass Top Gas Stove | 5-Year Warranty on Glass & Burners | ISI Certified,Preethi Alya 2 Burner Glass Top Gas Stove | 5-Year Warranty on Glass & Burners | ISI Certified,1,8400,https://m.media-amazon.com/images/I/61BYjuOVahL._SX569_.jpg
"TVS- Sport Tiff Helmet for Men and Women, Orange, Size L, ISI and DOT Certified","TVS- Sport Tiff Helmet for Men and Women, Orange, Size L, ISI and DOT Certified",1,2470,https://m.media-amazon.com/images/I/51hYUksC+7L._SX522_.jpg
Vega Ranger ISI Certified Texture Finish Lightweight Full Face Helmet for Men and Women with Scratch and UV Resistant Clear Visor-Black-M,Vega Ranger ISI Certified Texture Finish Lightweight Full Face Helmet for Men and Women with Scratch and UV Resistant Clear Visor-Black-M,1,2460,https://m.media-amazon.com/images/I/61R9me3AP1L._SX425_.jpg
"MARU Stainless Steel Lunch Box for Kids & Adults (550ML + 280ML), Tiffin Box for School and Office with Leakproof Steel Lids, Airtight Lunch Container for Women & Men 2 Pcs with 1 Spoon, Sea Green","MARU Stainless Steel Lunch Box for Kids & Adults (550ML + 280ML), Tiffin Box for School and Office with Leakproof Steel Lids, Airtight Lunch Container for Women & Men 2 Pcs with 1 Spoon, Sea Green",1,1620,https://m.media-amazon.com/images/I/61dsa7L1j8L._SX569_.jpg
"Sumeet Stainless Steel Meal Pack Lunch Box/Tiffin for Kids/School with Steel Separator Plate and Locking Clip, Set of 2Pc, 500ML Each, 13cm Dia, Silver","Sumeet Stainless Steel Meal Pack Lunch Box/Tiffin for Kids/School with Steel Separator Plate and Locking Clip, Set of 2Pc, 500ML Each, 13cm Dia, Silver",1,2160,https://m.media-amazon.com/images/I/31U4FUh1ysL._SY300_SX300_QL70_FMwebp_.jpg
"OKAYA PRO Power OPTT26060 230Ah Tall Tubular Inverter Battery for Home, Office & Shops with Certified Extra Backup | Spillage Free & Low Maintenance Design | 60 Months Warranty","OKAYA PRO Power OPTT26060 230Ah Tall Tubular Inverter Battery for Home, Office & Shops with Certified Extra Backup | Spillage Free & Low Maintenance Design | 60 Months Warranty",1,59580,https://m.media-amazon.com/images/I/51wNjQ-6ZqL._SX569_.jpg
"EXIDE INVAMASTER IMTT2600, 12V 250Ah Tall Tubular Inverter Battery for Home and Office with Warranty - 60 Months (36 FOC+24Pro Rata)","EXIDE INVAMASTER IMTT2600, 12V 250Ah Tall Tubular Inverter Battery for Home and Office with Warranty - 60 Months (36 FOC+24Pro Rata)",1,75600,https://m.media-amazon.com/images/I/51UtLogDrzL._SX569_.jpg
Leader Spyder 27.5T MTB Cycle/Bike Single Speed with Complete Accessories for Men - Matt Black/Orange Ideal for 15+ Years | Frame: 19 Inches,Leader Spyder 27.5T MTB Cycle/Bike Single Speed with Complete Accessories for Men - Matt Black/Orange Ideal for 15+ Years | Frame: 19 Inches,1,11760,https://m.media-amazon.com/images/I/81fAqHB+xsL._SX569_.jpg
