Title,Description,"Gift Type (1 = GIFT, 2 = VOUCHER)",Point,Image_Name,Category_Name
American Tourister Bag pack TROT1(3.0) ,NA,1,2548,NC001.jpg,Lifestyle
American Tourister Bag pack TROT2(3.0) ,NA,1,2854,NC002.jpg,Lifestyle
American Tourister Bag pack TROT3(3.0) ,NA,1,3424,NC003.jpg,Lifestyle
American Tourister Bag pack TROT4 ,NA,1,4688,NC004.jpg,Lifestyle
American Tourister Trolley Bags Colorado 55 CMS ,NA,1,5932,NC005.jpg,Lifestyle
American Tourister Trolley Bags Colorado 55 CMS ,NA,1,5932,NC005.jpg,Lifestyle
American Tourister Trolley Bags Sculptor 67 CMS ,NA,1,7644,NC007.jpg,Lifestyle
American Tourister Trolley Bags Sprint 66 CMS ,NA,1,8856,NC008.jpg,Lifestyle
American Tourister Trolley Bags Sprint 75 CMS ,NA,1,11548,NC009.jpg,Lifestyle
American Tourister Trolley Bags Zakk 79 CMS ,NA,1,7960,NC010.jpg,Lifestyle
"American Tourister Trolley Bags Sprint(set of 3 S,M & L) ",NA,1,25450,NC011.jpg,Lifestyle
"American Tourister Trolley Bags (Zakk set of 3) S,M & L) ",NA,1,19568,NC012.jpg,Lifestyle
American Tourister Duffel Bags Clane Duffle VE ,NA,1,2508,NC013.jpg,Lifestyle
American Tourister Duffel Bags Hauler Duffle Trolley ,NA,1,4058,NC014.jpg,Lifestyle
American Tourister Duffel Bags Hauler Duffle Trolley ,NA,1,4058,NC014.jpg,Lifestyle
American Tourister Laptop Bags Trend Biz Medium Briefcase ,NA,1,5214,NC016.jpg,Lifestyle
American Tourister Laptop Bags Luxe Biz Small Briefcase ,NA,1,6408,NC017.jpg,Lifestyle
American Tourister Laptop Bags Urban Biz Medium Briefcase ,NA,1,5770,NC018.jpg,Lifestyle
Bajaj Dry Iron DX 2 DRY IRON BLACK 600 W ,NA,1,1514,NC019.jpg,Home Appliances
Bajaj Dry Iron  DX 7 Neo Dry Iron,NA,1,2214,NC020.jpg,Home Appliances
Bajaj Steam Iron  MX4 Neo Steam Iron,NA,1,2974,NC021.jpg,Home Appliances
Bajaj Toaster  ATX 4,NA,1,3894,NC022.jpg,Kitchen Appliances
Bajaj Toaster  SWX 6,NA,1,3136,NC023.jpg,Kitchen Appliances
Bajaj Kettle  KTX 1.2 L DLX,NA,1,1912,NC024.jpg,Kitchen Appliances
Bajaj Ceiling Fan  Crest HS EEB 1200mm White CF,NA,1,4190,NC025.jpg,Home Appliances
Bajaj Induction Stove  Bajaj ICX 140TS Induction Stove,NA,1,5418,NC026.jpg,Kitchen Appliances
Bajaj Mixer Grinder  GX 16 500 Watts ,NA,1,5276,NC027.jpg,Kitchen Appliances
Bajaj JMG  JX4 Neo ,NA,1,7238,NC028.jpg,Kitchen Appliances
Bajaj Food Processor  FX-11 ,NA,1,16642,NC029.jpg,Kitchen Appliances
Bajaj Hand Blender  HB 22 ,NA,1,4898,NC030.jpg,Kitchen Appliances
Bajaj Chopper  Chop Pro 300 Watts ,NA,1,3902,NC031.jpg,Kitchen Appliances
Bajaj Gas Stove  CGX2 B SS ,NA,1,9258,NC032.jpg,Kitchen Appliances
Bajaj Gas Stove  CGX3B SS ,NA,1,12188,NC033.jpg,Kitchen Appliances
Bajaj Gas Stove  CGX4B SS ,NA,1,16658,NC034.jpg,Kitchen Appliances
Bajaj Wall Fan  Esteem 400mm Icy Blue Wall Fan ,NA,1,6296,NC035.jpg,Home Appliances
Bajaj Table Fan  Esteem 400mm Icy Blue & White Table Fan,NA,1,5972,NC036.jpg,Home Appliances
Bajaj Pedestal Fan  Esteem 400mm Icy Blue & White Pedestal,NA,1,7712,NC037.jpg,Home Appliances
Bajaj Air Cooler 20liter Bajaj Frio New,NA,1,16648,NC038.jpg,Home Appliances
Haier Split AC Haier 2 Ton 2 star Invertor split AC Wifi - AI ,NA,1,103144,NC039.jpg,Home Appliances
Haier Split AC Haier 1.5 ton 5 star invertor split AC ,NA,1,94174,NC040.jpg,Home Appliances
Haier Microwave Oven Haier 20L Solo Microwave Oven ,NA,1,12892,NC041.jpg,Kitchen Appliances
Haier Washing Machine  Haier 7 Kg Front Load Washing Machine ,NA,1,70630,NC042.jpg,Home Appliances
Haier Washing Machine  Haier 7 Kg Front Load Washing Machine ,NA,1,70630,NC042.jpg,Home Appliances
Haier AC  Haier 1.6 Ton 5 Star Kinouchi Heavy Duty Hexa Inverter Split AC ,NA,1,96416,NC044.jpg,Home Appliances
Haier Refrigerator Haier 325 L Bottom Mount Refrigerator Black Glass 2 Star ,NA,1,80720,NC045.jpg,Home Appliances
Haier TV HD Ready K82 Series 80cm(32) Smart Google TV ,NA,1,30270,NC046.jpg,Electronics
Haier TV FHD K85 Series 108cm(43) Smart Google TV ,NA,1,50450,NC047.jpg,Electronics
Haier Refrigerator Haier 268L Frost Free Double Door Refrigerator Black Glass 2 ,NA,1,61662,NC048.jpg,Home Appliances
Haier Washing Machine  Haier 7.5 Kg Semi-Automatic Washing Machine ,NA,1,25114,NC049.jpg,Home Appliances
Haier Washing Machine  Haier 8.5 Kg Semi-Automatic Washing Machine ,NA,1,30942,NC050.jpg,Home Appliances
Haier Refrigerator Haier 190  Ltr 1 star,NA,1,25786,NC051.jpg,Home Appliances
LG Air Conditioner 1.5 ton LG 1.5 Ton 3 Star Split Only Cool ,NA,1,86774,NC052.jpg,Home Appliances
"LG LED TV 32"" LG 80cm (32) Smart TV ",NA,1,35540,NC053.jpg,Electronics
"LG LED TV 43"" LG 108cm (43) Smart FHD TV",NA,1,59084,NC054.jpg,Electronics
LG Microwave 20l LG ,NA,1,17150,NC055.jpg,Kitchen Appliances
LG Refrigerator Double Door 236 1 Star,NA,1,54766,NC056.jpg,Home Appliances
LG Refrigerator Single Door-183 L LG 185L LG 1 Star,NA,1,38852,NC057.jpg,Home Appliances
LG Washing Machine-Fully Automatic 7.5kg Top Load 5 Star,NA,1,46302,NC058.jpg,Home Appliances
LG Washing Machine-Semi Automatic 7.5kg ,NA,1,27356,NC059.jpg,Home Appliances
Morphy Richards Coffee Maker 750-Watt,NA,1,4596,NC060.jpg,Kitchen Appliances
Morphy Richards Garment Steamer Steam Elite Handheld,NA,1,6698,NC061.jpg,Home Appliances
Morphy Richards MWO 20 MWS Black ,NA,1,15740,NC062.jpg,Kitchen Appliances
Morphy Richards Pop-up Toaster AT 200,NA,1,3982,NC063.jpg,Kitchen Appliances
Morphy Richards Sandwich Maker Black Beauty ,NA,1,3338,NC064.jpg,Kitchen Appliances
Morphy Richards MR Kingsman Pro ,NA,1,3598,NC065.jpg,Lifestyle
Morphy Richards Keraflow Hs3511 Digital Hair Straightener,NA,1,4310,NC066.jpg,Lifestyle
Morphy Richards MR Stylist Care Hair Dryer,NA,1,3718,NC067.jpg,Lifestyle
Nu-Republic TWS Nu Republic Cyberstud Spin True ,NA,1,5536,NC068.jpg,Gadgets
Nu-Republic TWS Nu Republic Transform X True ,NA,1,1994,NC069.jpg,Gadgets
Nu-Republic TWS Nu Republic Epic X4 True ,NA,1,1792,NC070.jpg,Gadgets
Nu-Republic TWS Nu Republic Epic X4 True ,NA,1,1792,NC070.jpg,Gadgets
Nu-Republic TWS Nu Republic Epic X3 True ,NA,1,1590,NC072.jpg,Gadgets
Nu-Republic TWS Nu Republic Transform X True ,NA,1,1994,NC069.jpg,Gadgets
Nu-Republic TWS Nu Republic Transform X True ,NA,1,1994,NC069.jpg,Gadgets
Nu-Republic TWS Nu Republic Transform X True ,NA,1,1994,NC069.jpg,Gadgets
Nu-Republic Speaker Nu Republic Speaker Partybox 240 ,NA,1,2912,NC076.jpg,Gadgets
Nu-Republic Speaker Partybox 180 with 18W ,NA,1,2196,NC077.jpg,Gadgets
Nu-Republic Speaker Nu Republic Wireless Soundbar 20 ,NA,1,1932,NC078.jpg,Gadgets
Nu-Republic Headphone Starboy Bluetooth Headphones (Black) ,NA,1,2598,NC079.jpg,Gadgets
Nu-Republic Headphone Nu Republic Starboy 3 ,NA,1,2710,NC080.jpg,Gadgets
Nu-Republic Powerbank Nu Republic Cybotron Spin ,NA,1,4414,NC081.jpg,Gadgets
Nu-Republic Headphone Starboy Bluetooth Headphones (Black) ,NA,1,2598,NC079.jpg,Gadgets
Nu-Republic Powerbank Nu Republic Powerpop X2 ,NA,1,2800,NC083.jpg,Gadgets
Nu Republic Powerpop X3 MagSafe ,NA,1,3406,NC084.jpg,Gadgets
Nu-Republic Powerbank Nu Republic Powerpop X4,NA,1,3002,NC085.jpg,Gadgets
Nu-Republic Wall Charger  Nu Republic Cybotron 67W,NA,1,4504,NC086.jpg,Gadgets
Nu-Republic Wall Charger Nu Republic Cybotron 100W,NA,1,5626,NC087.jpg,Gadgets
Nu Republic Powerpop X3 MagSafe ,NA,1,3406,NC084.jpg,Gadgets
Nu Republic Powerpop X3 MagSafe ,NA,1,3406,NC084.jpg,Gadgets
Nu-Republic Wall Charger  Nu Republic Cybotron cube 45W,NA,1,3060,NC090.jpg,Gadgets
Nu-Republic TWS Nu Republic Transform X True ,NA,1,1994,NC069.jpg,Gadgets
Nu-Republic TWS Nu Republic Epic X3 True ,NA,1,1590,NC072.jpg,Gadgets
Nu-Republic Cable Nu Republic Blaze Fusion-Q 240W ,NA,1,1616,NC093.jpg,Gadgets
Nu-Republic TWS Nu Republic Epic X3 True ,NA,1,1590,NC072.jpg,Gadgets
Nu-Republic TWS Dubstep Buzz X3 True ,NA,1,1388,NC095.jpg,Gadgets
Nu-Republic TWS Dubstep Buzz X5 True ,NA,1,1432,NC096.jpg,Gadgets
Nu-Republic TWS Nu Republic Epic X3 True ,NA,1,1590,NC072.jpg,Gadgets
Nu-Republic TWS Nu Republic Epic X3 True ,NA,1,1590,NC072.jpg,Gadgets
Nu-Republic TWS Dubstep Buzz X7 True ,NA,1,1690,NC099.jpg,Gadgets
Nu-Republic TWS Dubstep Buzz X3 True ,NA,1,1388,NC095.jpg,Gadgets
Nu-Republic TWS Dubstep Buzz X3 True ,NA,1,1388,NC095.jpg,Gadgets
Nu-Republic TWS Dubstep Buzz X3 True ,NA,1,1388,NC095.jpg,Gadgets
Nu-Republic TWS Dubstep Buzz X3 True ,NA,1,1388,NC095.jpg,Gadgets
Nu-Republic TWS Nu Republic Epic X3 True ,NA,1,1590,NC072.jpg,Gadgets
Nu-Republic TWS Nu Republic Epic X3 True ,NA,1,1590,NC072.jpg,Gadgets
Nu-Republic TWS Dubstep Buzz X3 True ,NA,1,1388,NC095.jpg,Gadgets
Nu-Republic TWS Nu Republic Epic X3 True ,NA,1,1590,NC072.jpg,Gadgets
Nu-Republic TWS Dubstep Buzz X7 True ,NA,1,1690,NC099.jpg,Gadgets
Nu-Republic Powerbank Dubstep Powerblitz X1 ,NA,1,2700,NC109.jpg,Gadgets
Nu-Republic TWS Nu Republic Epic X4 True ,NA,1,1792,NC070.jpg,Gadgets
Nu-Republic TWS Nu Republic Transform X True ,NA,1,1994,NC069.jpg,Gadgets
Nu-Republic Powerbank Dubstep Powerblitz X4 ,NA,1,2396,NC112.jpg,Gadgets
Nu-Republic Headphone Starboy Bluetooth Headphones (Black) ,NA,1,2598,NC079.jpg,Gadgets
Nu-Republic Powerbank Dubstep Powerblitz X6 ,NA,1,3810,NC114.jpg,Gadgets
Nu-Republic Headphone Starboy Bluetooth Headphones (Black) ,NA,1,2598,NC079.jpg,Gadgets
Nu Republic Powerpop X3 MagSafe ,NA,1,3406,NC084.jpg,Gadgets
Nu-Republic Wall Charger  DuB Sprint 18W ,NA,1,844,NC117.jpg,Gadgets
Nu-Republic Wall Charger  DuB Sprint 22.5W ,NA,1,1086,NC118.jpg,Gadgets
Nu-Republic Cable Dubstep Fusion Rewind Type-C ,NA,1,1186,NC119.jpg,Gadgets
Nu-Republic TWS Dubstep Buzz X3 True ,NA,1,1388,NC095.jpg,Gadgets
Nu-Republic Cable DuB Blaze Steller 15W 1Mtr ,NA,1,600,NC121.jpg,Gadgets
Nu-Republic Cable DuB Steller 22.5W 1Mtr ,NA,1,662,NC122.jpg,Gadgets
Nu-Republic Cable DuB Blaze Steller 15W 1Mtr ,NA,1,600,NC121.jpg,Gadgets
Nu-Republic Neckband Jive J7 Neckband X-Bass® ,NA,1,1246,NC124.jpg,Gadgets
Nu-Republic Wired Earphone Dubstep Squad M11 ,NA,1,894,NC125.jpg,Gadgets
Nu-Republic Wired Earphone Dustep Squad  M7 ,NA,1,628,NC126.jpg,Gadgets
Nu-Republic Wired Earphone Dubstep Squad M10 ,NA,1,920,NC127.jpg,Gadgets
Nu-Republic Mutiport Hub Dubstep SnaplinkGo 8 ,NA,1,1892,NC129.jpg,Gadgets
Nu-Republic Mutiport Hub Dubstep SnaplinkGo 4 ,NA,1,884,NC130.jpg,Gadgets
Nu-Republic Mutiport Hub Dubstep SnaplinkGo 3 ,NA,1,1288,NC131.jpg,Gadgets
Nu-Republic Portable Fan Dubstep mini handheld cooling fan flo-f1,NA,1,984,NC132.jpg,Gadgets
Nu-Republic Portable Fan Dubstep mini handheld cooling fan flo-f2,NA,1,1500,NC133.jpg,Gadgets
Nu-Republic Speaker Partybox 180 with 18W ,NA,1,2196,NC077.jpg,Gadgets
Nu-Republic TWS Nu Republic Epic X3 True ,NA,1,1590,NC072.jpg,Gadgets
Nu-Republic TWS Dubstep Buzz X3 True ,NA,1,1388,NC095.jpg,Gadgets
Nu-Republic Portable Fan Dubstep mini handheld cooling fan flo-f1,NA,1,984,NC132.jpg,Gadgets
Nu-Republic Backpack and Luggage Triphop Voyager Shift Backpack Premium Nylon Construction,NA,1,3922,NC138.jpg,Lifestyle
Nu-Republic Backpack and Luggage Triphop Voyager Nomad Style ,NA,1,8564,NC139.jpg,Lifestyle
Nu-Republic Backpack and Luggage Triphop Voyager Drift Crafted ,NA,1,7554,NC140.jpg,Lifestyle
Nu-Republic Backpack and Luggage Triphop Voyager Edge ,NA,1,6546,NC141.jpg,Lifestyle
Nu-Republic Backpack and Luggage Triphop Voyager Evo ,NA,1,6096,NC142.jpg,Lifestyle
Nu-Republic Trimmer Dropcut & Juicy- Groove Pro Styler- Hair Trimmer,NA,1,2106,NC143.jpg,Lifestyle
Nu-Republic Headphone Nu Republic Starboy 3 ,NA,1,2710,NC080.jpg,Gadgets
Nu-Republic Trimmer Dropcut & Juicy – Groove 7 in One Hair Trimmer ,NA,1,1904,NC145.jpg,Lifestyle
Nu-Republic Trimmer Dropcut & Juicy Groove Flex Hair Trimmer ,NA,1,2486,NC146.jpg,Lifestyle
SUJATA Ceiling Fan SUJATA KINETICA 1200mm ,NA,1,9552,NC147.jpg,Home Appliances
WHIRLPOOL Air Conditioner (Split 1.5 T 3S),NA,1,72144,NC148.jpg,Home Appliances
WHIRLPOOL WHIRLPOOL NEO DOUBLE DOOR -235 Refrigrator,NA,1,53702,NC149.jpg,Home Appliances
WHIRLPOOL WHIRLPOOL SINGLE DOOR - 184 Refrigrator,NA,1,33684,NC150.jpg,Home Appliances
WHIRLPOOL Washing Machine-Fully Automatic 7.5kg,NA,1,41190,NC151.jpg,Home Appliances
WHIRLPOOL Washing Machine-Semi Automatic 7.5kg,NA,1,28588,NC152.jpg,Home Appliances
Noise Noise Noise Evolve 3 Watch ,NA,1,3252,NC153.jpg,Lifestyle
Boat Joy Aairdopes ,NA,1,1906,NC154.jpg,Gadgets
Boat Stone UNO,NA,1,1682,NC155.jpg,Gadgets
Kenstar Air Fryer Kenstar Opal Neo 4.5L 1300W,NA,1,7568,NC156.jpg,Kitchen Appliances
Kenstar Cooler 110Ltr Desert Personal Mahakool HC,NA,1,33612,NC157.jpg,Home Appliances
Kenstar Hand Blender 350W - Smash SS,NA,1,2522,NC158.jpg,Kitchen Appliances
Kenstar Induction Cooktop - Infra Eco,NA,1,5494,NC159.jpg,Kitchen Appliances
Kenstar Rice Cooker 2.8Ltr - My Cook Plus,NA,1,6782,NC160.jpg,Kitchen Appliances
Kenstar Barbeque - BBQ 4,NA,1,8182,NC161.jpg,Kitchen Appliances
Kenstar 15Ltr Storage Water Heater - Aqualia 15L,NA,1,11772,NC162.jpg,Home Appliances
Kenstar 1200W Halogen Room Heater,NA,1,4146,NC163.jpg,Home Appliances
Agaro Vaccum Cleaner CV1077 Car,NA,1,2856,NC164.jpg,Home Appliances
Lifelong Rechargeable Water Teeth Flosser Cordless LLDC36 ,NA,1,3476,NC165.jpg,Lifestyle
Lifelong  Digital Wieghing Scale Rajasthan Urban LLWS63,NA,1,1120,NC166.jpg,Gadgets
HP Laptop 14s Intel Celeron Dual Core N4500 ,NA,1,94622,NC167.jpg,Electronics
Kenstar Cooler Kenstar LITTLE HC 20,NA,1,12062,NC168.jpg,Home Appliances
HP Printer Smart Tank 585 All-in-One ,NA,1,32400,NC169.jpg,Electronics
Faber GALAXY PRO RO Water Purifier 7L,NA,1,17434,NC170.jpg,Kitchen Appliances
Apple iPhone 15 128GB (Based on colour availability),NA,1,120686,NC171.jpg,Electronics
Apple iPhone 16 128GB (Based on colour availability),NA,1,141172,NC172.jpg,Electronics
Sapphire Dinner Set Sapphire 24 Pcs Dinner Set SS,NA,1,5158,NC173.jpg,Kitchen Appliances
Lifelong Bicycle 26T Cycle for Men & Women LLBC2604,NA,1,14124,NC175.jpg,Lifestyle
Godrej Safe Security Solutions NX Pro 8 L ,NA,1,20292,NC176.jpg,Home Appliances
"LG Dishwasher TrueSteam™, 14 Place Setting, QuadWash™, ThinQ™",NA,1,110092,NC177.jpg,Home Appliances
Glen Chimney Glen Cooker Hood 6058 BL ,NA,1,24576,NC178.jpg,Kitchen Appliances
Glen Food Processer SA 4052 ,NA,1,14698,NC179.jpg,Kitchen Appliances
Amazon Alexa Amazon Amazon Echo Pop,NA,1,8744,NC180.jpg,Gadgets
Saregama caravan Mini Hindi 2.0 ,NA,1,4820,NC181.jpg,Gadgets
Lifelong  Digital Wieghing Scale Rajasthan Urban LLWS63,NA,1,1120,NC166.jpg,Gadgets
Kenstar Cooler Kenstar LITTLE HC 20,NA,1,12062,NC168.jpg,Home Appliances
Welspun Double Bedsheet ,NA,1,2150,NC185.jpg,Home Appliances
Godrej Safe Security Solutions NX Pro 8 L ,NA,1,20292,NC176.jpg,Home Appliances
Sony DSLR vlog camera,NA,1,124478,NC187.jpg,Gadgets
Samsung Laptop Galaxy book 4 Laptop Core 5 8/512 GB,NA,1,112560,NC188.jpg,Electronics
Bajaj Immersion Heater 1KW 25,NA,1,1428,NC189.jpg,Home Appliances
American Tourister Trolley Bags Sprint 75 CMS ,NA,1,11548,NC009.jpg,Lifestyle
Lifelong Rechargeable Water Teeth Flosser Cordless LLDC36 ,NA,1,3476,NC165.jpg,Lifestyle
Samsung Galaxy A06 4GB RAM/64 GB,NA,1,23064,NC192.jpg,Electronics
Samsung Galaxy A17 6/128,NA,1,42154,NC193.jpg,Electronics
Lifelong  Almirah LLHSL08 Home Safe Locker,NA,1,30158,NC194.jpg,Lifestyle
Bosch Professional All-in-One Hand Tool Kit 108 Pieces,NA,1,7824,NC195.jpg,Lifestyle
Samsung 4K UHD Smart TV (109cm),NA,1,71662,NC196.jpg,Electronics
Samsung Semiautomatic Washing Machine 7 KG to 8 KG ,NA,1,32512,NC197.jpg,Home Appliances
Samsung 183 Ltr 3 Star Single Door Refrigerator,NA,1,41142,NC198.jpg,Home Appliances
Samsung AC 1.5 Ton 5 Star Split AR50H18D15HNNA,NA,1,107180,NC199.jpg,Home Appliances
Samsung AC 1.5 Ton 3 Star Split AR50H18D13HNNA,NA,1,80832,NC200.jpg,Home Appliances
"Samsung TV 55"" 4K UHD Smart TV UA55U8100FULXL",NA,1,103650,NC201.jpg,Electronics
"Samsung Microwave 23 Ltr MG23A3515AK/TL, 23L",NA,1,21750,NC202.jpg,Home Appliances
Samsung Microwave 28 Ltr  MC28A5145VK/TL,NA,1,38454,NC203.jpg,Home Appliances
Samsung Microwave 35 Ltr  MC32A7035CT/TL,NA,1,40876,NC204.jpg,Home Appliances
Samsung 32 inch TV UA32H4510FUXXL / UA32H4570FUXXL,NA,1,37680,NC205.jpg,Electronics
Samsung Full Automatic Washing machine 7.5 kg Front Load,NA,1,80406,NC206.jpg,Home Appliances
Samsung full Automatic Washing machine 7.5 kg Top Load ,NA,1,56112,NC207.jpg,Home Appliances
Samsung AC 1 Ton 5 Star Split AR50H12D1ZHNNA,NA,1,83300,NC208.jpg,Home Appliances
Samsung AC 1 Ton 3 Star Split AR50H12D1LHNNA,NA,1,72984,NC209.jpg,Home Appliances
Samsung AC 2 Ton 3 Star Split AR50H24D1XHNNA,NA,1,113794,NC210.jpg,Home Appliances
Samsung Double Door Ref. 2 Star,NA,1,67110,NC211.jpg,Home Appliances
